,timestamp,open,high,low,close,vtt,symbol
0,1677469500,17428.6,17443.0,17358.4,17437.8,0,0
1,1677470400,17438.7,17451.6,17375.95,17407.0,0,0
2,1677471300,17406.6,17419.8,17334.45,17335.6,0,0
3,1677472200,17334.9,17345.45,17303.8,17306.4,0,0
4,1677473100,17306.3,17332.6,17300.9,17324.4,0,0
5,1677474000,17325.1,17326.5,17308.2,17323.4,0,0
6,1677474900,17323.2,17332.6,17307.2,17327.1,0,0
7,1677475800,17327.2,17377.35,17324.6,17376.7,0,0
8,1677476700,17376.4,17381.3,17350.6,17351.9,0,0
9,1677477600,17352.4,17394.3,17343.85,17379.8,0,0
10,1677478500,17379.0,17397.3,17369.75,17378.1,0,0
11,1677479400,17379.0,17379.55,17323.8,17329.1,0,0
12,1677480300,17328.7,17342.45,17322.65,17336.7,0,0
13,1677481200,17336.8,17347.15,17328.15,17333.8,0,0
14,1677482100,17333.8,17347.9,17326.65,17337.8,0,0
15,1677483000,17337.6,17344.25,17299.0,17308.5,0,0
16,1677483900,17306.9,17327.95,17304.0,17320.6,0,0
17,1677484800,17320.3,17342.2,17317.55,17333.5,0,0
18,1677485700,17333.1,17355.05,17327.0,17352.1,0,0
19,1677486600,17351.9,17374.15,17349.65,17354.2,0,0
20,1677487500,17354.1,17363.45,17336.7,17348.4,0,0
21,1677488400,17347.5,17357.85,17336.9,17353.7,0,0
22,1677489300,17353.8,17375.45,17336.1,17374.4,0,0
23,1677490200,17374.3,17405.3,17365.05,17402.5,0,0
24,1677491100,17401.8,17411.05,17388.55,17406.3,0,0
25,1677555900,17383.2,17428.25,17367.4,17407.5,0,0
26,1677556800,17406.9,17440.45,17400.6,17421.6,0,0
27,1677557700,17421.2,17432.8,17389.1,17403.2,0,0
28,1677558600,17403.8,17408.8,17369.9,17380.4,0,0
29,1677559500,17380.9,17413.1,17372.25,17412.3,0,0
30,1677560400,17409.7,17415.7,17363.1,17363.3,0,0
31,1677561300,17362.2,17376.8,17346.2,17371.6,0,0
32,1677562200,17371.0,17379.7,17361.7,17375.1,0,0
33,1677563100,17374.8,17380.95,17359.9,17362.3,0,0
34,1677564000,17362.1,17368.3,17343.75,17345.3,0,0
35,1677564900,17344.8,17385.35,17344.75,17376.9,0,0
36,1677565800,17376.6,17386.35,17372.1,17385.0,0,0
37,1677566700,17384.8,17401.15,17373.0,17391.7,0,0
38,1677567600,17392.0,17397.7,17354.45,17354.6,0,0
39,1677568500,17354.6,17365.2,17339.8,17354.4,0,0
40,1677569400,17354.3,17368.3,17345.85,17348.6,0,0
41,1677570300,17348.2,17360.9,17331.9,17334.9,0,0
42,1677571200,17335.3,17354.35,17326.55,17329.1,0,0
43,1677572100,17327.8,17334.25,17308.15,17310.0,0,0
44,1677573000,17309.3,17313.75,17255.2,17261.2,0,0
45,1677573900,17260.9,17308.55,17260.9,17303.1,0,0
46,1677574800,17303.1,17315.45,17271.0,17274.8,0,0
47,1677575700,17275.8,17314.0,17274.55,17312.6,0,0
48,1677576600,17314.6,17342.1,17286.15,17313.6,0,0
49,1677577500,17313.3,17322.8,17296.05,17317.2,0,0
50,1677642300,17360.1,17410.3,17345.25,17369.8,0,0
51,1677643200,17369.6,17421.95,17362.75,17405.4,0,0
52,1677644100,17405.8,17420.65,17384.6,17389.4,0,0
53,1677645000,17390.4,17420.95,17390.4,17404.2,0,0
54,1677645900,17404.6,17420.5,17389.55,17418.0,0,0
55,1677646800,17418.3,17427.25,17403.95,17418.5,0,0
56,1677647700,17418.2,17421.0,17409.5,17419.5,0,0
57,1677648600,17419.5,17430.65,17409.7,17430.5,0,0
58,1677649500,17430.8,17437.1,17423.95,17427.7,0,0
59,1677650400,17428.4,17441.35,17417.5,17429.2,0,0
60,1677651300,17429.4,17429.45,17421.7,17427.4,0,0
61,1677652200,17427.9,17431.35,17406.7,17407.8,0,0
62,1677653100,17407.6,17419.55,17393.6,17417.3,0,0
63,1677654000,17417.6,17422.75,17401.95,17417.3,0,0
64,1677654900,17417.3,17429.75,17416.5,17422.1,0,0
65,1677655800,17422.3,17423.95,17410.8,17414.8,0,0
66,1677656700,17415.2,17421.45,17401.8,17421.2,0,0
67,1677657600,17421.2,17422.05,17408.6,17420.6,0,0
68,1677658500,17420.9,17445.7,17415.4,17423.8,0,0
69,1677659400,17423.4,17442.9,17423.0,17442.9,0,0
70,1677660300,17442.4,17448.65,17428.25,17445.8,0,0
71,1677661200,17446.2,17466.45,17446.15,17465.6,0,0
72,1677662100,17465.5,17467.75,17450.1,17451.1,0,0
73,1677663000,17451.2,17461.55,17442.9,17447.1,0,0
74,1677663900,17447.2,17459.4,17445.9,17457.2,0,0
75,1677728700,17421.5,17445.8,17372.7,17377.1,0,0
76,1677729600,17375.8,17393.55,17363.0,17388.2,0,0
77,1677730500,17388.8,17393.45,17347.7,17348.0,0,0
78,1677731400,17346.7,17374.2,17343.95,17354.3,0,0
79,1677732300,17354.5,17373.75,17345.7,17370.8,0,0
80,1677733200,17371.4,17387.55,17371.3,17382.9,0,0
81,1677734100,17382.8,17388.0,17356.15,17365.9,0,0
82,1677735000,17365.7,17379.25,17358.0,17376.1,0,0
83,1677735900,17376.1,17380.95,17363.0,17373.0,0,0
84,1677736800,17373.4,17380.45,17369.45,17376.1,0,0
85,1677737700,17375.5,17384.1,17373.95,17383.1,0,0
86,1677738600,17382.3,17401.8,17381.25,17386.8,0,0
87,1677739500,17387.3,17391.8,17370.7,17378.8,0,0
88,1677740400,17379.4,17386.75,17377.05,17377.8,0,0
89,1677741300,17377.6,17388.3,17370.55,17372.1,0,0
90,1677742200,17372.1,17383.5,17350.6,17350.6,0,0
91,1677743100,17350.8,17368.15,17348.8,17353.8,0,0
92,1677744000,17353.1,17355.75,17315.6,17316.1,0,0
93,1677744900,17316.0,17326.75,17312.75,17320.9,0,0
94,1677745800,17321.1,17339.65,17306.0,17334.3,0,0
95,1677746700,17334.4,17345.4,17324.8,17336.5,0,0
96,1677747600,17337.2,17343.2,17317.75,17323.8,0,0
97,1677748500,17323.7,17333.55,17314.35,17327.9,0,0
98,1677749400,17328.8,17336.2,17319.3,17329.4,0,0
99,1677750300,17329.9,17330.65,17311.45,17318.7,0,0
100,1677815100,17451.2,17481.4,17427.7,17466.8,0,0
101,1677816000,17467.3,17487.1,17453.1,17462.9,0,0
102,1677816900,17463.5,17495.35,17462.4,17485.9,0,0
103,1677817800,17485.8,17514.75,17474.0,17512.7,0,0
104,1677818700,17513.9,17527.55,17508.55,17521.2,0,0
105,1677819600,17520.5,17534.0,17516.75,17531.3,0,0
106,1677820500,17531.4,17556.55,17530.5,17542.1,0,0
107,1677821400,17542.6,17555.75,17536.5,17547.8,0,0
108,1677822300,17547.5,17569.65,17534.9,17561.8,0,0
109,1677823200,17562.2,17579.0,17561.05,17575.2,0,0
110,1677824100,17575.7,17577.0,17563.3,17566.6,0,0
111,1677825000,17566.3,17578.05,17563.75,17570.6,0,0
112,1677825900,17570.6,17575.25,17559.55,17560.7,0,0
113,1677826800,17559.9,17563.95,17535.9,17540.2,0,0
114,1677827700,17540.9,17557.85,17539.9,17556.2,0,0
115,1677828600,17557.2,17565.65,17553.4,17561.7,0,0
116,1677829500,17561.1,17579.25,17560.55,17573.2,0,0
117,1677830400,17573.4,17604.1,17572.7,17603.2,0,0
118,1677831300,17602.7,17607.9,17596.7,17598.0,0,0
119,1677832200,17597.8,17613.95,17596.95,17609.8,0,0
120,1677833100,17609.7,17628.55,17609.2,17624.2,0,0
121,1677834000,17623.8,17632.75,17619.3,17623.6,0,0
122,1677834900,17622.8,17644.75,17615.1,17627.4,0,0
123,1677835800,17626.7,17627.05,17587.2,17591.9,0,0
124,1677836700,17592.4,17598.35,17585.0,17592.3,0,0
125,1678074300,17680.3,17757.75,17671.95,17749.8,0,0
126,1678075200,17750.8,17765.95,17737.6,17763.5,0,0
127,1678076100,17763.1,17777.95,17753.6,17767.3,0,0
128,1678077000,17767.1,17779.6,17754.65,17775.2,0,0
129,1678077900,17775.2,17794.45,17774.25,17776.4,0,0
130,1678078800,17775.9,17789.1,17775.4,17783.9,0,0
131,1678079700,17783.4,17799.95,17773.0,17776.0,0,0
132,1678080600,17776.1,17789.6,17758.25,17779.3,0,0
133,1678081500,17779.8,17779.75,17750.05,17762.7,0,0
134,1678082400,17762.4,17780.8,17761.5,17774.4,0,0
135,1678083300,17774.2,17785.2,17762.9,17784.8,0,0
136,1678084200,17785.1,17786.85,17765.45,17779.6,0,0
137,1678085100,17779.7,17785.95,17751.95,17759.5,0,0
138,1678086000,17758.5,17772.35,17753.7,17762.2,0,0
139,1678086900,17762.4,17765.5,17739.4,17759.7,0,0
140,1678087800,17759.7,17776.25,17748.2,17770.5,0,0
141,1678088700,17770.1,17773.8,17754.25,17754.2,0,0
142,1678089600,17753.7,17753.7,17725.5,17734.5,0,0
143,1678090500,17734.1,17740.85,17722.3,17733.4,0,0
144,1678091400,17733.3,17742.05,17717.45,17723.2,0,0
145,1678092300,17722.6,17747.1,17719.95,17737.9,0,0
146,1678093200,17738.1,17742.95,17722.05,17722.1,0,0
147,1678094100,17722.1,17731.25,17705.55,17717.9,0,0
148,1678095000,17718.9,17723.8,17704.0,17709.3,0,0
149,1678095900,17709.3,17727.25,17703.45,17719.8,0,0
150,1678247100,17665.8,17670.25,17602.25,17633.3,0,0
151,1678248000,17633.1,17692.45,17612.85,17666.4,0,0
152,1678248900,17666.2,17688.9,17652.55,17687.8,0,0
153,1678249800,17688.5,17710.7,17676.6,17697.2,0,0
154,1678250700,17697.6,17711.3,17684.9,17693.0,0,0
155,1678251600,17691.8,17712.35,17690.45,17693.7,0,0
156,1678252500,17693.8,17705.15,17686.95,17694.6,0,0
157,1678253400,17694.5,17699.75,17681.55,17682.2,0,0
158,1678254300,17682.8,17688.75,17673.05,17684.1,0,0
159,1678255200,17684.2,17694.6,17663.9,17666.9,0,0
160,1678256100,17666.6,17672.05,17648.2,17652.6,0,0
161,1678257000,17652.7,17662.5,17647.9,17650.8,0,0
162,1678257900,17650.7,17663.85,17645.9,17654.8,0,0
163,1678258800,17655.6,17673.8,17655.55,17661.6,0,0
164,1678259700,17661.3,17680.1,17658.45,17676.7,0,0
165,1678260600,17676.0,17684.75,17665.8,17670.9,0,0
166,1678261500,17671.0,17688.85,17671.0,17677.8,0,0
167,1678262400,17677.8,17685.35,17676.3,17681.9,0,0
168,1678263300,17681.9,17699.6,17680.85,17698.8,0,0
169,1678264200,17698.2,17718.0,17697.35,17708.7,0,0
170,1678265100,17708.3,17717.2,17702.8,17714.2,0,0
171,1678266000,17713.8,17719.1,17693.7,17700.6,0,0
172,1678266900,17700.1,17710.15,17693.75,17707.1,0,0
173,1678267800,17708.3,17764.3,17708.35,17756.6,0,0
174,1678268700,17756.2,17766.5,17747.25,17751.5,0,0
175,1678333500,17772.1,17772.35,17721.95,17733.8,0,0
176,1678334400,17733.8,17734.3,17709.75,17723.6,0,0
177,1678335300,17723.8,17735.3,17692.45,17693.8,0,0
178,1678336200,17693.8,17695.85,17670.55,17675.3,0,0
179,1678337100,17674.6,17704.3,17668.9,17703.1,0,0
180,1678338000,17703.6,17704.7,17677.85,17679.4,0,0
181,1678338900,17679.9,17695.85,17679.9,17694.4,0,0
182,1678339800,17694.0,17703.9,17692.65,17703.6,0,0
183,1678340700,17703.4,17719.05,17692.3,17715.3,0,0
184,1678341600,17715.0,17723.4,17708.75,17714.6,0,0
185,1678342500,17715.3,17716.9,17693.9,17696.4,0,0
186,1678343400,17695.8,17698.7,17674.7,17680.7,0,0
187,1678344300,17680.3,17680.95,17662.0,17664.8,0,0
188,1678345200,17665.2,17670.65,17651.2,17660.7,0,0
189,1678346100,17660.9,17672.4,17644.4,17671.7,0,0
190,1678347000,17671.4,17677.05,17658.15,17658.2,0,0
191,1678347900,17658.5,17670.95,17652.75,17666.8,0,0
192,1678348800,17666.7,17666.7,17620.1,17626.3,0,0
193,1678349700,17626.2,17632.65,17615.2,17617.8,0,0
194,1678350600,17617.3,17634.3,17612.25,17627.7,0,0
195,1678351500,17627.8,17630.6,17618.65,17621.2,0,0
196,1678352400,17622.0,17624.85,17606.9,17618.4,0,0
197,1678353300,17618.2,17620.7,17597.5,17609.7,0,0
198,1678354200,17609.8,17611.6,17586.3,17586.4,0,0
199,1678355100,17587.2,17587.8,17573.6,17582.8,0,0
200,1678419900,17443.8,17451.5,17380.0,17394.4,0,0
201,1678420800,17395.7,17395.65,17324.35,17332.4,0,0
202,1678421700,17334.2,17379.7,17330.6,17378.9,0,0
203,1678422600,17379.1,17400.15,17371.5,17392.7,0,0
204,1678423500,17393.1,17427.4,17381.9,17407.2,0,0
205,1678424400,17406.8,17417.3,17389.85,17406.8,0,0
206,1678425300,17406.8,17422.1,17405.15,17411.6,0,0
207,1678426200,17411.2,17428.2,17394.5,17418.2,0,0
208,1678427100,17419.2,17435.05,17415.95,17422.8,0,0
209,1678428000,17423.4,17431.4,17403.8,17408.5,0,0
210,1678428900,17408.2,17418.1,17404.75,17410.5,0,0
211,1678429800,17410.6,17416.8,17395.3,17395.5,0,0
212,1678430700,17394.9,17400.0,17376.7,17383.1,0,0
213,1678431600,17383.6,17413.65,17379.7,17403.8,0,0
214,1678432500,17404.1,17411.75,17400.2,17407.6,0,0
215,1678433400,17410.8,17429.15,17409.05,17417.8,0,0
216,1678434300,17418.1,17418.9,17398.85,17400.8,0,0
217,1678435200,17401.2,17402.1,17381.75,17385.2,0,0
218,1678436100,17385.1,17403.05,17373.45,17392.3,0,0
219,1678437000,17391.7,17404.35,17376.0,17394.3,0,0
220,1678437900,17394.3,17399.95,17377.1,17379.0,0,0
221,1678438800,17379.0,17391.7,17376.85,17383.2,0,0
222,1678439700,17383.7,17387.55,17367.15,17378.6,0,0
223,1678440600,17380.3,17418.65,17380.3,17409.9,0,0
224,1678441500,17410.2,17425.95,17408.8,17418.6,0,0
225,1678679100,17421.9,17525.65,17386.95,17500.6,0,0
226,1678680000,17500.2,17529.9,17437.9,17453.6,0,0
227,1678680900,17454.4,17474.1,17432.15,17455.3,0,0
228,1678681800,17455.1,17482.2,17442.85,17455.6,0,0
229,1678682700,17455.4,17470.35,17436.4,17436.4,0,0
230,1678683600,17436.3,17447.4,17421.9,17437.6,0,0
231,1678684500,17437.9,17452.6,17432.3,17432.6,0,0
232,1678685400,17432.2,17433.55,17383.2,17393.9,0,0
233,1678686300,17393.2,17409.95,17377.2,17389.7,0,0
234,1678687200,17390.0,17391.75,17351.45,17362.7,0,0
235,1678688100,17361.7,17366.55,17344.15,17364.4,0,0
236,1678689000,17364.8,17369.55,17329.65,17342.1,0,0
237,1678689900,17341.8,17357.8,17324.65,17332.1,0,0
238,1678690800,17331.5,17333.05,17286.65,17287.6,0,0
239,1678691700,17286.1,17294.15,17257.4,17261.7,0,0
240,1678692600,17261.5,17285.8,17261.5,17269.7,0,0
241,1678693500,17268.9,17294.7,17251.25,17260.3,0,0
242,1678694400,17260.4,17265.25,17206.45,17225.4,0,0
243,1678695300,17225.3,17240.95,17209.75,17211.7,0,0
244,1678696200,17211.8,17229.85,17184.7,17190.3,0,0
245,1678697100,17190.1,17197.25,17159.25,17175.1,0,0
246,1678698000,17173.7,17178.05,17113.45,17148.6,0,0
247,1678698900,17148.7,17167.7,17134.6,17140.6,0,0
248,1678699800,17140.5,17166.85,17114.75,17141.0,0,0
249,1678700700,17142.3,17198.05,17142.3,17184.6,0,0
250,1678765500,17160.6,17195.3,17112.4,17184.2,0,0
251,1678766400,17182.9,17224.65,17153.0,17157.6,0,0
252,1678767300,17158.7,17191.35,17144.4,17180.6,0,0
253,1678768200,17180.2,17183.9,17127.1,17127.5,0,0
254,1678769100,17126.8,17126.85,17070.9,17087.7,0,0
255,1678770000,17087.5,17110.85,17066.85,17100.8,0,0
256,1678770900,17101.0,17123.45,17079.95,17087.7,0,0
257,1678771800,17085.1,17085.1,17049.5,17055.6,0,0
258,1678772700,17055.2,17070.95,17038.55,17063.9,0,0
259,1678773600,17064.2,17088.9,17054.2,17071.9,0,0
260,1678774500,17070.8,17072.9,17042.4,17055.4,0,0
261,1678775400,17055.4,17076.1,17043.5,17069.2,0,0
262,1678776300,17068.9,17161.05,17059.15,17149.6,0,0
263,1678777200,17147.6,17185.7,17097.75,17105.1,0,0
264,1678778100,17104.2,17104.8,17046.7,17056.8,0,0
265,1678779000,17056.4,17058.4,17026.2,17036.5,0,0
266,1678779900,17034.8,17044.4,17004.95,17044.2,0,0
267,1678780800,17043.8,17064.15,17023.5,17041.0,0,0
268,1678781700,17040.4,17053.05,16998.7,17021.1,0,0
269,1678782600,17020.7,17038.55,17006.9,17008.7,0,0
270,1678783500,17009.5,17075.95,16987.1,17063.4,0,0
271,1678784400,17064.6,17065.1,17030.85,17044.9,0,0
272,1678785300,17046.3,17055.9,17024.95,17049.6,0,0
273,1678786200,17049.1,17070.3,17012.1,17059.4,0,0
274,1678787100,17060.0,17068.65,17037.8,17068.7,0,0
275,1678851900,17166.4,17211.35,17149.45,17189.4,0,0
276,1678852800,17190.3,17199.0,17125.1,17149.0,0,0
277,1678853700,17149.4,17170.55,17131.35,17141.8,0,0
278,1678854600,17141.2,17158.4,17129.0,17155.7,0,0
279,1678855500,17155.7,17170.85,17147.3,17149.3,0,0
280,1678856400,17149.4,17154.5,17114.1,17119.3,0,0
281,1678857300,17119.8,17121.6,17102.95,17115.1,0,0
282,1678858200,17115.2,17127.05,17094.5,17113.3,0,0
283,1678859100,17113.8,17148.05,17110.0,17145.8,0,0
284,1678860000,17146.1,17159.3,17135.9,17142.7,0,0
285,1678860900,17142.8,17147.15,17123.25,17123.8,0,0
286,1678861800,17124.7,17125.55,17096.95,17097.1,0,0
287,1678862700,17097.8,17107.9,17082.95,17088.3,0,0
288,1678863600,17088.1,17101.0,17077.8,17101.0,0,0
289,1678864500,17100.8,17107.35,17062.7,17063.2,0,0
290,1678865400,17063.4,17071.55,17041.9,17049.2,0,0
291,1678866300,17049.3,17060.05,17039.65,17055.7,0,0
292,1678867200,17055.9,17081.35,17042.75,17074.8,0,0
293,1678868100,17078.0,17078.0,17024.95,17030.4,0,0
294,1678869000,17030.8,17064.55,17028.6,17047.7,0,0
295,1678869900,17048.8,17062.0,17031.2,17031.2,0,0
296,1678870800,17031.1,17050.95,17017.5,17019.4,0,0
297,1678871700,17019.8,17031.75,17000.45,17018.1,0,0
298,1678872600,17018.6,17024.5,16959.65,16964.4,0,0
299,1678873500,16965.1,16975.55,16938.9,16973.8,0,0
300,1678938300,16994.7,16995.4,16907.3,16913.7,0,0
301,1678939200,16913.1,16917.65,16861.9,16865.1,0,0
302,1678940100,16866.2,16892.85,16850.15,16883.3,0,0
303,1678941000,16882.2,16882.8,16853.2,16877.7,0,0
304,1678941900,16877.9,16961.3,16869.9,16940.8,0,0
305,1678942800,16940.2,17010.1,16926.45,16993.4,0,0
306,1678943700,16991.2,17028.85,16966.7,17014.2,0,0
307,1678944600,17014.7,17046.7,17009.8,17027.8,0,0
308,1678945500,17027.9,17044.2,17001.5,17023.3,0,0
309,1678946400,17023.7,17028.55,16971.85,16993.4,0,0
310,1678947300,16993.5,17003.0,16955.9,16961.9,0,0
311,1678948200,16962.2,16972.9,16927.45,16929.4,0,0
312,1678949100,16929.4,16935.4,16915.35,16923.6,0,0
313,1678950000,16923.8,16949.4,16910.4,16925.2,0,0
314,1678950900,16924.9,16948.35,16919.95,16946.0,0,0
315,1678951800,16946.3,16972.2,16936.25,16972.2,0,0
316,1678952700,16972.8,16978.5,16950.75,16968.9,0,0
317,1678953600,16968.9,16999.5,16962.0,16965.8,0,0
318,1678954500,16965.1,16973.0,16936.7,16955.6,0,0
319,1678955400,16954.9,17039.5,16954.95,17035.9,0,0
320,1678956300,17037.2,17062.45,17023.85,17054.9,0,0
321,1678957200,17054.2,17059.25,17024.5,17031.2,0,0
322,1678958100,17030.5,17039.25,16967.8,16976.4,0,0
323,1678959000,16976.4,16993.1,16950.2,16976.9,0,0
324,1678959900,16977.3,17014.65,16973.3,17010.4,0,0
325,1679024700,17111.8,17145.8,17085.75,17105.7,0,0
326,1679025600,17106.4,17115.15,17068.9,17070.3,0,0
327,1679026500,17071.6,17100.05,17054.55,17056.2,0,0
328,1679027400,17054.3,17083.55,17049.2,17081.0,0,0
329,1679028300,17080.9,17100.45,17063.85,17067.7,0,0
330,1679029200,17067.5,17091.25,17056.15,17066.4,0,0
331,1679030100,17065.4,17069.85,17045.95,17059.8,0,0
332,1679031000,17060.0,17066.85,17027.15,17028.6,0,0
333,1679031900,17028.1,17039.15,17015.4,17023.8,0,0
334,1679032800,17023.2,17025.55,16990.7,17007.8,0,0
335,1679033700,17008.1,17046.95,17004.0,17042.3,0,0
336,1679034600,17043.0,17057.25,16979.5,16985.8,0,0
337,1679035500,16985.5,16991.7,16963.6,16978.6,0,0
338,1679036400,16978.1,16990.6,16965.3,16977.6,0,0
339,1679037300,16977.2,17009.9,16977.15,16981.0,0,0
340,1679038200,16981.3,16990.55,16958.15,16985.5,0,0
341,1679039100,16984.9,17004.15,16975.85,16995.2,0,0
342,1679040000,16994.9,17029.0,16993.15,17004.3,0,0
343,1679040900,17004.6,17082.15,17004.25,17068.1,0,0
344,1679041800,17068.2,17078.0,17049.2,17058.2,0,0
345,1679042700,17058.7,17065.0,17008.7,17023.6,0,0
346,1679043600,17023.8,17080.05,17023.8,17067.4,0,0
347,1679044500,17065.5,17099.3,17039.25,17090.6,0,0
348,1679045400,17092.8,17124.95,17074.55,17113.8,0,0
349,1679046300,17112.9,17125.9,17082.9,17123.7,0,0
350,1679283900,17066.6,17066.6,16934.65,16957.9,0,0
351,1679284800,16957.2,16967.35,16928.55,16950.7,0,0
352,1679285700,16950.6,16964.75,16908.25,16910.2,0,0
353,1679286600,16909.7,16933.35,16902.8,16910.2,0,0
354,1679287500,16909.8,16911.05,16881.55,16895.4,0,0
355,1679288400,16894.1,16921.85,16882.55,16907.9,0,0
356,1679289300,16907.8,16955.75,16900.65,16953.3,0,0
357,1679290200,16952.8,16963.6,16929.7,16945.2,0,0
358,1679291100,16945.3,16949.85,16922.0,16933.2,0,0
359,1679292000,16933.6,16933.55,16906.7,16912.8,0,0
360,1679292900,16913.3,16930.3,16880.05,16882.8,0,0
361,1679293800,16880.7,16897.8,16863.5,16865.7,0,0
362,1679294700,16867.4,16879.65,16850.25,16854.1,0,0
363,1679295600,16854.9,16886.15,16844.9,16884.4,0,0
364,1679296500,16885.8,16886.45,16833.3,16846.2,0,0
365,1679297400,16844.2,16870.9,16828.35,16869.8,0,0
366,1679298300,16868.9,16874.8,16842.8,16873.3,0,0
367,1679299200,16872.8,16901.35,16857.0,16858.1,0,0
368,1679300100,16858.8,16876.95,16846.5,16857.8,0,0
369,1679301000,16857.7,16899.45,16854.3,16891.3,0,0
370,1679301900,16891.3,16932.0,16874.3,16927.1,0,0
371,1679302800,16927.8,16948.45,16922.55,16928.7,0,0
372,1679303700,16928.8,16948.6,16920.2,16943.1,0,0
373,1679304600,16943.2,16996.35,16939.15,16987.3,0,0
374,1679305500,16987.3,17008.45,16987.35,17003.4,0,0
375,1679370300,17060.4,17083.3,17026.05,17076.5,0,0
376,1679371200,17077.7,17080.3,17030.45,17039.4,0,0
377,1679372100,17039.4,17053.0,17016.0,17039.5,0,0
378,1679373000,17039.4,17070.2,17033.65,17066.1,0,0
379,1679373900,17065.8,17086.15,17061.25,17079.4,0,0
380,1679374800,17079.2,17079.95,17055.95,17072.7,0,0
381,1679375700,17072.8,17077.6,17057.7,17059.1,0,0
382,1679376600,17058.9,17067.7,17046.2,17065.4,0,0
383,1679377500,17065.1,17079.1,17059.75,17065.4,0,0
384,1679378400,17065.1,17076.1,17053.25,17058.2,0,0
385,1679379300,17058.2,17058.3,17022.55,17030.9,0,0
386,1679380200,17031.1,17043.9,17027.05,17030.9,0,0
387,1679381100,17031.6,17056.6,17028.45,17053.9,0,0
388,1679382000,17054.2,17063.65,17041.2,17050.6,0,0
389,1679382900,17051.2,17083.5,17050.2,17083.2,0,0
390,1679383800,17083.4,17100.95,17083.4,17097.8,0,0
391,1679384700,17097.2,17106.7,17075.55,17077.2,0,0
392,1679385600,17076.8,17081.7,17065.55,17070.9,0,0
393,1679386500,17071.2,17106.15,17070.0,17103.1,0,0
394,1679387400,17102.8,17111.4,17083.2,17088.4,0,0
395,1679388300,17088.5,17113.95,17085.75,17101.2,0,0
396,1679389200,17100.7,17127.65,17094.6,17123.5,0,0
397,1679390100,17122.2,17127.7,17107.95,17118.4,0,0
398,1679391000,17119.2,17122.05,17101.75,17104.2,0,0
399,1679391900,17103.3,17112.45,17095.5,17106.9,0,0
400,1679456700,17177.4,17207.25,17168.5,17172.3,0,0
401,1679457600,17171.4,17177.2,17132.0,17168.7,0,0
402,1679458500,17169.0,17180.3,17153.95,17155.8,0,0
403,1679459400,17156.7,17165.75,17140.8,17140.8,0,0
404,1679460300,17141.6,17150.8,17132.9,17147.4,0,0
405,1679461200,17147.2,17151.7,17127.5,17132.3,0,0
406,1679462100,17132.6,17146.35,17126.75,17131.6,0,0
407,1679463000,17131.0,17133.8,17107.85,17129.8,0,0
408,1679463900,17129.9,17145.5,17119.7,17145.5,0,0
409,1679464800,17145.9,17151.8,17129.55,17148.8,0,0
410,1679465700,17149.1,17153.9,17137.85,17144.0,0,0
411,1679466600,17143.7,17151.1,17128.0,17138.5,0,0
412,1679467500,17138.8,17150.3,17132.35,17150.1,0,0
413,1679468400,17149.8,17165.4,17130.6,17133.0,0,0
414,1679469300,17134.7,17147.3,17134.7,17141.3,0,0
415,1679470200,17142.3,17149.8,17130.8,17134.7,0,0
416,1679471100,17135.2,17136.5,17120.75,17130.9,0,0
417,1679472000,17132.8,17156.05,17129.4,17142.7,0,0
418,1679472900,17142.8,17146.25,17116.7,17135.7,0,0
419,1679473800,17137.6,17149.1,17131.2,17142.1,0,0
420,1679474700,17144.1,17151.5,17129.0,17129.0,0,0
421,1679475600,17129.3,17139.7,17110.95,17118.5,0,0
422,1679476500,17118.0,17141.8,17111.15,17141.1,0,0
423,1679477400,17140.3,17160.8,17134.85,17159.9,0,0
424,1679478300,17160.0,17164.6,17142.75,17142.8,0,0
425,1679543100,17097.4,17101.35,17048.25,17059.9,0,0
426,1679544000,17058.8,17092.6,17045.3,17080.3,0,0
427,1679544900,17080.4,17130.45,17080.45,17125.1,0,0
428,1679545800,17125.2,17142.8,17125.0,17136.7,0,0
429,1679546700,17137.5,17169.7,17136.95,17168.3,0,0
430,1679547600,17169.0,17172.0,17148.6,17154.2,0,0
431,1679548500,17154.6,17157.35,17131.2,17140.8,0,0
432,1679549400,17140.8,17151.85,17125.55,17136.3,0,0
433,1679550300,17136.5,17145.3,17132.75,17145.3,0,0
434,1679551200,17144.9,17161.4,17144.95,17159.2,0,0
435,1679552100,17158.8,17171.3,17149.9,17167.9,0,0
436,1679553000,17167.7,17170.25,17160.05,17168.0,0,0
437,1679553900,17167.4,17173.3,17156.4,17161.8,0,0
438,1679554800,17161.3,17195.4,17160.4,17192.8,0,0
439,1679555700,17192.9,17205.4,17184.45,17185.6,0,0
440,1679556600,17184.6,17195.65,17168.35,17176.7,0,0
441,1679557500,17177.1,17187.6,17171.45,17186.4,0,0
442,1679558400,17185.7,17193.7,17171.35,17174.7,0,0
443,1679559300,17174.6,17180.4,17153.55,17160.0,0,0
444,1679560200,17159.6,17166.75,17129.5,17129.5,0,0
445,1679561100,17128.8,17138.6,17104.5,17105.9,0,0
446,1679562000,17106.4,17110.75,17081.5,17092.4,0,0
447,1679562900,17091.9,17099.65,17077.75,17098.8,0,0
448,1679563800,17094.7,17117.5,17057.4,17070.1,0,0
449,1679564700,17069.9,17078.3,17061.75,17068.4,0,0
450,1679629500,17076.2,17109.45,17014.9,17020.8,0,0
451,1679630400,17021.6,17060.4,16994.9,17037.0,0,0
452,1679631300,17037.1,17079.75,17026.75,17068.3,0,0
453,1679632200,17068.2,17073.05,17035.55,17064.2,0,0
454,1679633100,17064.8,17087.8,17023.95,17033.2,0,0
455,1679634000,17033.9,17047.4,17016.25,17017.8,0,0
456,1679634900,17017.1,17042.2,17010.8,17024.6,0,0
457,1679635800,17024.8,17063.5,17024.25,17061.9,0,0
458,1679636700,17061.4,17072.55,17043.2,17046.2,0,0
459,1679637600,17047.3,17075.35,17039.95,17073.6,0,0
460,1679638500,17075.3,17087.85,17055.5,17079.8,0,0
461,1679639400,17081.0,17087.25,17069.9,17082.5,0,0
462,1679640300,17083.2,17097.95,17077.85,17077.8,0,0
463,1679641200,17081.6,17086.05,17040.0,17055.6,0,0
464,1679642100,17056.6,17060.6,17040.4,17045.3,0,0
465,1679643000,17046.9,17082.15,17045.45,17080.6,0,0
466,1679643900,17081.9,17091.6,17060.3,17071.6,0,0
467,1679644800,17073.3,17077.95,17021.55,17036.8,0,0
468,1679645700,17036.9,17053.65,17027.55,17040.0,0,0
469,1679646600,17042.0,17043.1,17008.1,17024.6,0,0
470,1679647500,17025.5,17025.55,16981.05,16983.4,0,0
471,1679648400,16984.1,17007.25,16966.1,16986.0,0,0
472,1679649300,16988.3,16996.1,16968.9,16990.8,0,0
473,1679650200,16993.3,16999.4,16950.2,16954.5,0,0
474,1679651100,16956.1,16961.05,16917.35,16932.6,0,0
475,1679888700,16984.3,16991.1,16918.55,16978.5,0,0
476,1679889600,16979.5,17024.95,16979.5,17010.8,0,0
477,1679890500,17010.4,17035.6,16995.25,17023.3,0,0
478,1679891400,17023.3,17038.05,17005.2,17030.6,0,0
479,1679892300,17031.2,17044.9,17009.6,17032.1,0,0
480,1679893200,17032.2,17035.05,16985.35,16986.1,0,0
481,1679894100,16985.3,17006.0,16982.25,17000.9,0,0
482,1679895000,17000.5,17011.25,16988.8,16996.9,0,0
483,1679895900,16997.0,16998.7,16975.75,16992.6,0,0
484,1679896800,16992.4,17033.45,16980.95,17027.7,0,0
485,1679897700,17027.8,17034.2,17014.8,17021.1,0,0
486,1679898600,17020.7,17052.45,17016.45,17034.7,0,0
487,1679899500,17035.1,17061.5,17034.15,17043.8,0,0
488,1679900400,17042.9,17060.15,17041.15,17051.7,0,0
489,1679901300,17051.8,17056.45,17023.25,17031.5,0,0
490,1679902200,17031.9,17038.2,17010.35,17010.3,0,0
491,1679903100,17009.6,17014.8,16982.6,16987.9,0,0
492,1679904000,16988.4,17022.7,16986.85,17016.9,0,0
493,1679904900,17017.1,17045.4,17005.5,17042.7,0,0
494,1679905800,17042.9,17049.25,17029.75,17039.8,0,0
495,1679906700,17040.2,17089.25,17040.2,17083.7,0,0
496,1679907600,17083.7,17091.0,17063.25,17063.2,0,0
497,1679908500,17063.3,17075.1,17053.55,17055.0,0,0
498,1679909400,17050.2,17050.25,16974.35,16982.4,0,0
499,1679910300,16982.4,16986.9,16953.95,16963.4,0,0
500,1679975100,17031.8,17061.75,17000.45,17005.2,0,0
501,1679976000,17006.2,17023.8,16980.5,16986.2,0,0
502,1679976900,16986.3,16995.6,16974.25,16976.2,0,0
503,1679977800,16976.5,16993.5,16971.1,16992.5,0,0
504,1679978700,16992.2,17000.9,16968.35,16969.7,0,0
505,1679979600,16969.9,16969.95,16943.2,16946.3,0,0
506,1679980500,16946.1,16957.85,16930.8,16932.1,0,0
507,1679981400,16932.3,16953.35,16930.25,16945.8,0,0
508,1679982300,16946.8,16963.2,16944.6,16954.5,0,0
509,1679983200,16953.6,16984.7,16947.3,16982.6,0,0
510,1679984100,16982.8,16991.75,16969.8,16973.8,0,0
511,1679985000,16973.8,16975.0,16950.6,16951.1,0,0
512,1679985900,16950.3,16966.8,16939.05,16950.8,0,0
513,1679986800,16950.1,16972.9,16950.1,16953.0,0,0
514,1679987700,16953.8,16969.45,16950.6,16969.2,0,0
515,1679988600,16969.0,16985.45,16961.65,16979.8,0,0
516,1679989500,16980.5,16985.65,16943.95,16952.5,0,0
517,1679990400,16952.6,16964.6,16942.2,16962.7,0,0
518,1679991300,16962.8,16963.2,16929.95,16945.4,0,0
519,1679992200,16945.2,16957.05,16913.95,16923.7,0,0
520,1679993100,16924.1,16947.15,16913.75,16941.2,0,0
521,1679994000,16939.8,16950.55,16931.6,16946.8,0,0
522,1679994900,16946.8,16956.05,16935.45,16953.4,0,0
523,1679995800,16953.9,16969.75,16930.65,16943.2,0,0
524,1679996700,16943.1,16966.0,16943.05,16956.8,0,0
525,1680061500,16977.3,17023.2,16976.65,17001.0,0,0
526,1680062400,17000.0,17016.7,16992.15,17015.2,0,0
527,1680063300,17015.6,17032.85,17009.9,17024.7,0,0
528,1680064200,17025.1,17025.3,17006.0,17016.4,0,0
529,1680065100,17016.0,17044.2,17010.85,17043.3,0,0
530,1680066000,17043.7,17048.8,17028.3,17030.2,0,0
531,1680066900,17030.2,17035.2,17016.75,17017.3,0,0
532,1680067800,17017.6,17026.95,16967.6,16977.7,0,0
533,1680068700,16976.0,16997.25,16968.35,16987.9,0,0
534,1680069600,16987.4,16987.45,16966.85,16968.6,0,0
535,1680070500,16968.6,16980.65,16959.2,16975.1,0,0
536,1680071400,16975.2,16977.8,16942.3,16952.0,0,0
537,1680072300,16952.4,16955.9,16940.6,16951.3,0,0
538,1680073200,16951.1,16964.15,16946.1,16957.5,0,0
539,1680074100,16957.3,16976.9,16957.15,16976.4,0,0
540,1680075000,16976.1,16989.2,16971.15,16979.9,0,0
541,1680075900,16979.9,17018.4,16979.55,17018.0,0,0
542,1680076800,17017.1,17020.15,16992.4,17003.0,0,0
543,1680077700,17002.1,17029.95,16994.0,17026.6,0,0
544,1680078600,17025.4,17052.4,17025.35,17045.3,0,0
545,1680079500,17045.3,17058.45,17012.1,17018.5,0,0
546,1680080400,17019.9,17022.3,16990.4,17008.1,0,0
547,1680081300,17008.5,17021.35,17002.05,17015.4,0,0
548,1680082200,17013.9,17097.25,17011.9,17094.8,0,0
549,1680083100,17096.2,17126.15,17087.15,17115.6,0,0
550,1680234300,17210.3,17277.65,17204.65,17269.9,0,0
551,1680235200,17270.4,17289.75,17253.3,17278.2,0,0
552,1680236100,17277.9,17282.15,17261.1,17261.6,0,0
553,1680237000,17261.7,17281.85,17253.65,17256.9,0,0
554,1680237900,17256.3,17269.6,17253.15,17256.2,0,0
555,1680238800,17257.2,17257.25,17233.65,17248.2,0,0
556,1680239700,17248.2,17253.4,17235.55,17249.4,0,0
557,1680240600,17249.9,17257.9,17237.6,17245.5,0,0
558,1680241500,17245.1,17259.75,17242.1,17259.0,0,0
559,1680242400,17260.6,17283.35,17258.85,17275.5,0,0
560,1680243300,17274.8,17291.95,17268.2,17277.2,0,0
561,1680244200,17277.1,17282.2,17274.15,17278.7,0,0
562,1680245100,17279.0,17289.45,17268.65,17289.4,0,0
563,1680246000,17289.2,17323.55,17285.75,17322.2,0,0
564,1680246900,17323.2,17323.95,17306.55,17311.5,0,0
565,1680247800,17311.7,17325.4,17308.25,17316.7,0,0
566,1680248700,17317.5,17329.1,17312.4,17325.6,0,0
567,1680249600,17325.8,17346.65,17314.35,17344.3,0,0
568,1680250500,17345.9,17364.05,17341.45,17354.9,0,0
569,1680251400,17355.9,17365.85,17349.2,17360.8,0,0
570,1680252300,17361.8,17374.25,17347.35,17360.4,0,0
571,1680253200,17361.5,17362.05,17344.15,17357.8,0,0
572,1680254100,17358.7,17377.55,17351.65,17366.6,0,0
573,1680255000,17368.0,17381.6,17357.05,17363.2,0,0
574,1680255900,17362.7,17367.5,17337.7,17356.8,0,0
575,1680493500,17427.9,17428.05,17337.3,17344.4,0,0
576,1680494400,17345.3,17363.05,17325.5,17358.4,0,0
577,1680495300,17358.8,17379.6,17357.35,17374.8,0,0
578,1680496200,17374.2,17381.9,17357.65,17367.9,0,0
579,1680497100,17368.2,17378.45,17351.4,17362.7,0,0
580,1680498000,17364.1,17365.55,17336.25,17337.8,0,0
581,1680498900,17337.7,17353.75,17331.65,17338.8,0,0
582,1680499800,17338.8,17344.85,17321.35,17324.3,0,0
583,1680500700,17324.2,17330.15,17315.55,17317.9,0,0
584,1680501600,17318.3,17336.25,17312.75,17330.8,0,0
585,1680502500,17331.1,17350.45,17330.85,17345.3,0,0
586,1680503400,17344.5,17363.6,17338.2,17351.7,0,0
587,1680504300,17351.6,17363.0,17343.6,17356.9,0,0
588,1680505200,17356.8,17358.5,17342.95,17352.7,0,0
589,1680506100,17352.9,17362.35,17343.7,17344.6,0,0
590,1680507000,17344.4,17368.75,17336.15,17348.2,0,0
591,1680507900,17348.2,17354.65,17338.45,17342.7,0,0
592,1680508800,17342.2,17356.65,17339.35,17347.4,0,0
593,1680509700,17346.6,17361.3,17341.95,17348.6,0,0
594,1680510600,17347.7,17372.6,17343.6,17371.8,0,0
595,1680511500,17371.2,17377.65,17356.75,17374.0,0,0
596,1680512400,17373.2,17386.9,17366.75,17386.3,0,0
597,1680513300,17386.0,17397.9,17379.3,17382.7,0,0
598,1680514200,17383.5,17404.55,17381.75,17404.1,0,0
599,1680515100,17403.8,17410.25,17393.55,17399.7,0,0
600,1680666300,17422.3,17466.7,17402.7,17465.9,0,0
601,1680667200,17464.7,17473.65,17454.35,17457.9,0,0
602,1680668100,17458.2,17484.65,17457.4,17473.2,0,0
603,1680669000,17472.7,17493.0,17466.95,17491.7,0,0
604,1680669900,17491.2,17503.65,17483.9,17500.9,0,0
605,1680670800,17500.4,17514.1,17498.1,17505.2,0,0
606,1680671700,17506.0,17506.1,17480.55,17487.7,0,0
607,1680672600,17487.8,17488.85,17478.15,17485.9,0,0
608,1680673500,17485.8,17498.7,17482.25,17495.3,0,0
609,1680674400,17495.3,17495.95,17487.5,17488.2,0,0
610,1680675300,17488.7,17511.45,17487.6,17504.2,0,0
611,1680676200,17504.0,17515.85,17492.85,17509.8,0,0
612,1680677100,17510.3,17514.65,17499.05,17507.7,0,0
613,1680678000,17507.4,17527.9,17504.15,17525.7,0,0
614,1680678900,17525.6,17541.25,17517.0,17535.2,0,0
615,1680679800,17534.4,17545.15,17526.75,17537.4,0,0
616,1680680700,17537.3,17542.05,17528.05,17540.3,0,0
617,1680681600,17540.7,17545.2,17513.9,17525.7,0,0
618,1680682500,17525.8,17533.9,17517.15,17523.6,0,0
619,1680683400,17523.9,17543.35,17521.5,17536.8,0,0
620,1680684300,17536.6,17540.15,17525.9,17539.6,0,0
621,1680685200,17539.1,17549.2,17528.3,17543.1,0,0
622,1680686100,17542.9,17550.3,17535.65,17545.4,0,0
623,1680687000,17546.6,17562.6,17538.0,17552.6,0,0
624,1680687900,17554.2,17570.55,17549.85,17561.0,0,0
625,1680752700,17533.8,17544.7,17511.55,17531.9,0,0
626,1680753600,17532.8,17537.55,17517.65,17533.2,0,0
627,1680754500,17532.9,17535.7,17502.85,17527.8,0,0
628,1680755400,17528.1,17601.25,17520.2,17588.5,0,0
629,1680756300,17588.8,17599.9,17577.6,17582.4,0,0
630,1680757200,17582.4,17603.45,17581.15,17597.2,0,0
631,1680758100,17596.4,17612.1,17588.25,17609.9,0,0
632,1680759000,17610.5,17619.95,17602.65,17618.2,0,0
633,1680759900,17617.5,17621.1,17580.8,17607.2,0,0
634,1680760800,17607.2,17621.8,17599.1,17610.2,0,0
635,1680761700,17609.9,17617.5,17594.8,17597.8,0,0
636,1680762600,17597.3,17608.9,17594.95,17602.3,0,0
637,1680763500,17602.5,17618.35,17597.65,17614.1,0,0
638,1680764400,17615.2,17626.65,17597.8,17624.8,0,0
639,1680765300,17625.7,17638.7,17615.8,17632.6,0,0
640,1680766200,17632.2,17636.15,17615.5,17618.4,0,0
641,1680767100,17618.3,17621.35,17601.3,17616.8,0,0
642,1680768000,17617.1,17621.1,17572.25,17574.2,0,0
643,1680768900,17574.1,17576.0,17552.0,17568.2,0,0
644,1680769800,17568.1,17586.55,17564.9,17575.6,0,0
645,1680770700,17576.0,17588.25,17568.7,17581.8,0,0
646,1680771600,17580.7,17609.75,17575.1,17595.9,0,0
647,1680772500,17595.9,17613.0,17592.0,17605.7,0,0
648,1680773400,17606.1,17608.1,17590.7,17591.3,0,0
649,1680774300,17591.9,17608.35,17590.65,17602.0,0,0
650,1681098300,17634.9,17651.7,17617.7,17635.1,0,0
651,1681099200,17635.3,17656.85,17608.8,17650.9,0,0
652,1681100100,17651.1,17660.65,17628.35,17628.8,0,0
653,1681101000,17629.3,17649.1,17624.2,17630.0,0,0
654,1681101900,17630.5,17636.4,17605.35,17609.3,0,0
655,1681102800,17609.2,17632.1,17609.2,17629.2,0,0
656,1681103700,17629.2,17629.15,17608.85,17623.3,0,0
657,1681104600,17623.0,17641.8,17621.55,17640.0,0,0
658,1681105500,17639.1,17640.0,17626.8,17635.0,0,0
659,1681106400,17634.3,17649.9,17631.55,17647.2,0,0
660,1681107300,17647.3,17668.75,17644.6,17667.2,0,0
661,1681108200,17667.0,17678.5,17662.75,17672.1,0,0
662,1681109100,17672.0,17689.5,17667.0,17682.7,0,0
663,1681110000,17682.3,17682.75,17669.6,17677.5,0,0
664,1681110900,17676.1,17694.1,17673.65,17686.2,0,0
665,1681111800,17686.2,17689.45,17666.95,17667.5,0,0
666,1681112700,17667.8,17674.15,17660.4,17665.4,0,0
667,1681113600,17665.8,17667.95,17653.05,17659.9,0,0
668,1681114500,17661.2,17665.1,17640.95,17640.9,0,0
669,1681115400,17640.7,17649.2,17622.95,17626.5,0,0
670,1681116300,17626.8,17629.05,17597.95,17611.4,0,0
671,1681117200,17611.2,17630.0,17601.45,17628.8,0,0
672,1681118100,17627.8,17637.7,17620.8,17627.0,0,0
673,1681119000,17626.1,17637.1,17618.2,17621.3,0,0
674,1681119900,17621.3,17627.85,17608.65,17613.1,0,0
675,1681184700,17704.8,17709.25,17663.8,17697.4,0,0
676,1681185600,17698.2,17716.8,17697.55,17704.0,0,0
677,1681186500,17702.9,17730.75,17702.95,17726.6,0,0
678,1681187400,17726.0,17748.75,17717.55,17741.6,0,0
679,1681188300,17743.4,17745.3,17720.2,17722.8,0,0
680,1681189200,17723.3,17729.1,17710.35,17716.7,0,0
681,1681190100,17715.9,17719.2,17705.35,17714.2,0,0
682,1681191000,17714.2,17728.35,17701.75,17704.2,0,0
683,1681191900,17705.0,17714.85,17689.65,17704.8,0,0
684,1681192800,17704.1,17705.35,17682.5,17684.8,0,0
685,1681193700,17684.8,17696.75,17676.25,17691.5,0,0
686,1681194600,17691.4,17693.1,17668.35,17675.7,0,0
687,1681195500,17675.2,17680.3,17655.15,17665.2,0,0
688,1681196400,17665.4,17683.7,17664.65,17679.6,0,0
689,1681197300,17679.0,17688.6,17671.4,17682.8,0,0
690,1681198200,17682.0,17682.75,17663.85,17667.6,0,0
691,1681199100,17668.3,17684.9,17665.45,17683.2,0,0
692,1681200000,17682.8,17695.65,17682.3,17694.3,0,0
693,1681200900,17693.7,17714.75,17692.4,17711.4,0,0
694,1681201800,17711.1,17720.7,17704.1,17713.7,0,0
695,1681202700,17713.7,17715.7,17700.45,17705.0,0,0
696,1681203600,17706.1,17724.55,17706.05,17711.8,0,0
697,1681204500,17712.7,17729.85,17709.85,17714.4,0,0
698,1681205400,17715.1,17728.4,17710.75,17728.2,0,0
699,1681206300,17727.9,17733.95,17713.05,17722.2,0,0
700,1681271100,17759.6,17775.95,17717.25,17763.7,0,0
701,1681272000,17764.3,17780.0,17755.5,17763.8,0,0
702,1681272900,17764.4,17768.25,17755.8,17761.7,0,0
703,1681273800,17761.5,17761.5,17748.55,17751.6,0,0
704,1681274700,17751.8,17754.95,17736.75,17742.2,0,0
705,1681275600,17742.3,17753.75,17735.2,17743.6,0,0
706,1681276500,17744.2,17759.35,17743.85,17754.2,0,0
707,1681277400,17754.1,17764.25,17748.9,17754.3,0,0
708,1681278300,17753.9,17762.85,17750.7,17762.1,0,0
709,1681279200,17762.2,17773.25,17760.95,17770.4,0,0
710,1681280100,17769.8,17770.95,17762.65,17765.2,0,0
711,1681281000,17765.5,17768.55,17754.3,17761.8,0,0
712,1681281900,17760.8,17776.6,17760.8,17775.6,0,0
713,1681282800,17775.6,17778.65,17765.15,17766.2,0,0
714,1681283700,17766.2,17778.7,17765.85,17772.8,0,0
715,1681284600,17772.3,17795.95,17764.1,17792.3,0,0
716,1681285500,17792.2,17811.75,17792.15,17800.3,0,0
717,1681286400,17800.6,17819.6,17796.1,17808.2,0,0
718,1681287300,17808.7,17812.1,17801.2,17808.3,0,0
719,1681288200,17808.3,17811.3,17796.95,17807.1,0,0
720,1681289100,17806.7,17813.0,17794.05,17803.1,0,0
721,1681290000,17803.1,17810.65,17780.05,17794.7,0,0
722,1681290900,17794.4,17795.8,17767.25,17778.3,0,0
723,1681291800,17778.3,17814.3,17778.35,17812.2,0,0
724,1681292700,17812.3,17825.75,17809.2,17817.9,0,0
725,1681357500,17807.3,17817.15,17767.95,17808.9,0,0
726,1681358400,17808.8,17827.85,17795.9,17798.8,0,0
727,1681359300,17798.6,17816.95,17792.05,17799.5,0,0
728,1681360200,17799.8,17801.6,17785.05,17792.4,0,0
729,1681361100,17792.3,17803.8,17783.6,17798.4,0,0
730,1681362000,17797.7,17805.7,17790.35,17792.4,0,0
731,1681362900,17792.2,17792.65,17756.95,17759.7,0,0
732,1681363800,17759.8,17767.45,17740.2,17747.6,0,0
733,1681364700,17746.9,17757.25,17736.4,17750.6,0,0
734,1681365600,17749.7,17760.95,17745.15,17760.8,0,0
735,1681366500,17760.4,17770.1,17758.15,17769.2,0,0
736,1681367400,17768.8,17768.75,17745.15,17746.6,0,0
737,1681368300,17745.6,17748.45,17735.15,17740.6,0,0
738,1681369200,17739.8,17753.35,17729.65,17752.3,0,0
739,1681370100,17751.8,17776.15,17747.15,17776.2,0,0
740,1681371000,17775.7,17777.6,17748.9,17750.0,0,0
741,1681371900,17749.9,17762.05,17744.9,17761.3,0,0
742,1681372800,17761.3,17779.6,17759.75,17770.6,0,0
743,1681373700,17771.5,17784.4,17761.2,17782.7,0,0
744,1681374600,17782.9,17793.5,17778.5,17780.6,0,0
745,1681375500,17780.6,17805.2,17779.95,17801.7,0,0
746,1681376400,17801.7,17810.95,17789.55,17795.6,0,0
747,1681377300,17795.3,17828.9,17793.9,17819.8,0,0
748,1681378200,17818.3,17837.55,17806.1,17836.6,0,0
749,1681379100,17836.6,17842.15,17826.4,17828.2,0,0
750,1681703100,17863.0,17863.0,17628.0,17634.4,0,0
751,1681704000,17633.7,17646.05,17620.1,17636.6,0,0
752,1681704900,17635.7,17651.95,17581.1,17583.2,0,0
753,1681705800,17583.6,17612.45,17574.05,17610.3,0,0
754,1681706700,17609.9,17649.05,17609.45,17640.7,0,0
755,1681707600,17640.6,17648.8,17625.35,17645.6,0,0
756,1681708500,17645.8,17676.55,17645.75,17655.2,0,0
757,1681709400,17655.6,17668.45,17637.3,17640.9,0,0
758,1681710300,17640.9,17656.4,17639.85,17644.4,0,0
759,1681711200,17644.3,17665.15,17640.3,17657.8,0,0
760,1681712100,17657.4,17666.95,17650.95,17659.4,0,0
761,1681713000,17659.9,17665.75,17643.95,17657.2,0,0
762,1681713900,17656.7,17683.85,17654.65,17682.6,0,0
763,1681714800,17682.0,17693.35,17673.75,17677.8,0,0
764,1681715700,17677.2,17691.1,17676.5,17680.3,0,0
765,1681716600,17680.6,17683.15,17654.9,17671.2,0,0
766,1681717500,17671.1,17673.4,17654.15,17667.9,0,0
767,1681718400,17667.7,17682.95,17658.6,17680.9,0,0
768,1681719300,17680.9,17688.15,17671.5,17687.2,0,0
769,1681720200,17687.2,17689.15,17677.3,17688.2,0,0
770,1681721100,17688.2,17697.2,17679.15,17694.3,0,0
771,1681722000,17694.7,17703.5,17670.3,17687.8,0,0
772,1681722900,17687.7,17693.9,17676.15,17685.9,0,0
773,1681723800,17686.7,17716.9,17685.5,17711.3,0,0
774,1681724700,17711.7,17715.2,17699.3,17704.1,0,0
775,1681789500,17746.8,17755.8,17711.7,17739.4,0,0
776,1681790400,17739.3,17747.9,17717.15,17720.5,0,0
777,1681791300,17716.3,17717.25,17663.1,17682.8,0,0
778,1681792200,17682.4,17684.2,17663.2,17670.3,0,0
779,1681793100,17670.2,17670.95,17650.5,17668.9,0,0
780,1681794000,17668.8,17694.3,17661.7,17693.3,0,0
781,1681794900,17693.6,17696.35,17678.2,17681.2,0,0
782,1681795800,17682.2,17686.65,17672.5,17681.9,0,0
783,1681796700,17682.3,17688.25,17677.6,17686.3,0,0
784,1681797600,17685.8,17687.65,17673.55,17675.1,0,0
785,1681798500,17675.3,17675.35,17659.4,17670.2,0,0
786,1681799400,17669.8,17685.8,17668.45,17682.2,0,0
787,1681800300,17682.6,17691.2,17679.2,17688.2,0,0
788,1681801200,17685.7,17698.45,17685.5,17693.9,0,0
789,1681802100,17693.8,17706.25,17689.65,17705.6,0,0
790,1681803000,17706.2,17709.85,17686.65,17690.2,0,0
791,1681803900,17689.4,17689.65,17664.35,17664.3,0,0
792,1681804800,17665.9,17670.3,17617.3,17619.1,0,0
793,1681805700,17620.2,17635.25,17610.2,17635.2,0,0
794,1681806600,17635.2,17644.2,17618.05,17636.3,0,0
795,1681807500,17636.2,17644.8,17623.9,17642.7,0,0
796,1681808400,17641.8,17648.65,17626.95,17642.1,0,0
797,1681809300,17642.8,17666.2,17637.85,17650.2,0,0
798,1681810200,17651.1,17673.6,17651.05,17656.1,0,0
799,1681811100,17655.9,17663.3,17650.05,17661.6,0,0
800,1681875900,17653.3,17662.65,17611.8,17635.0,0,0
801,1681876800,17635.2,17658.35,17629.55,17635.1,0,0
802,1681877700,17635.5,17645.9,17626.0,17631.0,0,0
803,1681878600,17631.3,17634.5,17615.8,17628.9,0,0
804,1681879500,17629.5,17639.05,17627.75,17637.8,0,0
805,1681880400,17637.8,17646.7,17626.75,17634.9,0,0
806,1681881300,17635.1,17646.85,17631.85,17639.3,0,0
807,1681882200,17639.7,17652.05,17639.7,17649.6,0,0
808,1681883100,17648.1,17650.6,17631.05,17635.9,0,0
809,1681884000,17635.9,17657.3,17632.1,17647.2,0,0
810,1681884900,17647.6,17654.1,17642.15,17653.2,0,0
811,1681885800,17653.7,17663.15,17648.2,17654.2,0,0
812,1681886700,17654.6,17662.25,17646.6,17654.4,0,0
813,1681887600,17655.6,17664.45,17653.3,17655.2,0,0
814,1681888500,17656.1,17666.15,17647.75,17655.2,0,0
815,1681889400,17655.6,17657.0,17631.5,17633.7,0,0
816,1681890300,17633.8,17635.95,17623.25,17626.6,0,0
817,1681891200,17628.2,17630.35,17592.65,17594.1,0,0
818,1681892100,17594.8,17608.0,17585.95,17598.4,0,0
819,1681893000,17598.0,17604.65,17579.85,17595.6,0,0
820,1681893900,17594.9,17613.8,17588.45,17608.9,0,0
821,1681894800,17608.8,17615.8,17594.6,17602.1,0,0
822,1681895700,17601.9,17609.95,17591.35,17596.1,0,0
823,1681896600,17594.3,17632.85,17593.65,17628.6,0,0
824,1681897500,17628.1,17629.35,17606.45,17610.2,0,0
825,1681962300,17638.6,17678.75,17613.8,17671.8,0,0
826,1681963200,17673.7,17684.45,17668.25,17672.5,0,0
827,1681964100,17672.7,17674.25,17641.95,17644.8,0,0
828,1681965000,17645.3,17649.55,17622.7,17628.2,0,0
829,1681965900,17628.2,17642.9,17606.0,17608.7,0,0
830,1681966800,17608.8,17610.9,17590.1,17593.3,0,0
831,1681967700,17593.9,17615.95,17592.1,17614.6,0,0
832,1681968600,17614.3,17617.3,17597.0,17610.9,0,0
833,1681969500,17611.3,17625.2,17611.35,17621.5,0,0
834,1681970400,17621.7,17632.8,17617.7,17618.3,0,0
835,1681971300,17618.1,17631.6,17610.95,17626.4,0,0
836,1681972200,17626.1,17627.85,17617.2,17620.6,0,0
837,1681973100,17619.9,17627.95,17615.35,17625.2,0,0
838,1681974000,17624.7,17625.8,17606.9,17613.4,0,0
839,1681974900,17613.2,17613.95,17603.4,17611.7,0,0
840,1681975800,17611.4,17612.35,17586.1,17597.8,0,0
841,1681976700,17597.9,17605.35,17595.65,17601.9,0,0
842,1681977600,17601.9,17603.8,17590.05,17596.8,0,0
843,1681978500,17596.8,17609.4,17589.5,17593.1,0,0
844,1681979400,17592.7,17599.5,17584.35,17594.8,0,0
845,1681980300,17594.6,17613.75,17593.65,17607.8,0,0
846,1681981200,17608.4,17615.0,17604.05,17609.0,0,0
847,1681982100,17608.8,17612.0,17602.45,17610.3,0,0
848,1681983000,17611.3,17634.2,17608.15,17634.2,0,0
849,1681983900,17633.9,17634.05,17620.05,17623.9,0,0
850,1682048700,17639.8,17662.3,17633.75,17660.8,0,0
851,1682049600,17660.5,17663.2,17620.2,17621.8,0,0
852,1682050500,17621.1,17639.1,17606.55,17607.9,0,0
853,1682051400,17607.4,17619.55,17605.35,17617.7,0,0
854,1682052300,17616.8,17620.0,17589.05,17597.6,0,0
855,1682053200,17597.8,17613.45,17595.95,17597.6,0,0
856,1682054100,17597.9,17607.35,17589.7,17602.8,0,0
857,1682055000,17602.7,17612.2,17597.0,17609.2,0,0
858,1682055900,17609.8,17612.15,17598.6,17604.5,0,0
859,1682056800,17604.9,17609.95,17597.8,17607.2,0,0
860,1682057700,17608.3,17612.9,17601.8,17608.1,0,0
861,1682058600,17609.3,17609.35,17591.2,17595.3,0,0
862,1682059500,17595.4,17598.3,17582.35,17582.7,0,0
863,1682060400,17582.8,17593.15,17577.8,17587.5,0,0
864,1682061300,17588.2,17591.5,17574.7,17575.1,0,0
865,1682062200,17575.7,17576.4,17553.95,17561.1,0,0
866,1682063100,17561.8,17587.7,17561.25,17586.5,0,0
867,1682064000,17587.1,17602.15,17584.35,17592.2,0,0
868,1682064900,17593.3,17614.15,17593.05,17604.0,0,0
869,1682065800,17604.8,17610.55,17596.3,17599.8,0,0
870,1682066700,17600.7,17629.45,17596.65,17629.3,0,0
871,1682067600,17630.2,17636.85,17614.8,17615.8,0,0
872,1682068500,17616.4,17632.2,17615.45,17627.9,0,0
873,1682069400,17630.0,17637.55,17620.95,17632.5,0,0
874,1682070300,17631.6,17631.55,17611.15,17618.9,0,0
875,1682307900,17707.6,17709.2,17652.6,17657.5,0,0
876,1682308800,17657.4,17657.85,17625.3,17627.0,0,0
877,1682309700,17625.7,17656.85,17624.85,17633.7,0,0
878,1682310600,17634.3,17637.25,17620.05,17633.2,0,0
879,1682311500,17631.2,17637.45,17621.45,17625.6,0,0
880,1682312400,17625.8,17644.95,17621.15,17633.2,0,0
881,1682313300,17633.2,17641.75,17629.55,17634.8,0,0
882,1682314200,17635.0,17640.45,17626.75,17638.8,0,0
883,1682315100,17638.6,17646.95,17626.75,17627.7,0,0
884,1682316000,17626.8,17632.4,17618.25,17624.2,0,0
885,1682316900,17623.7,17626.7,17612.5,17625.2,0,0
886,1682317800,17624.6,17638.65,17623.3,17637.3,0,0
887,1682318700,17637.2,17645.65,17630.65,17644.7,0,0
888,1682319600,17643.8,17661.8,17643.85,17656.6,0,0
889,1682320500,17656.6,17679.75,17656.55,17671.1,0,0
890,1682321400,17671.2,17687.7,17669.6,17687.0,0,0
891,1682322300,17687.8,17699.75,17687.6,17698.4,0,0
892,1682323200,17698.2,17719.15,17698.15,17711.1,0,0
893,1682324100,17711.3,17713.4,17696.2,17697.2,0,0
894,1682325000,17697.8,17720.8,17696.55,17716.8,0,0
895,1682325900,17716.8,17720.0,17705.65,17714.7,0,0
896,1682326800,17715.0,17717.35,17701.8,17706.7,0,0
897,1682327700,17705.9,17739.75,17705.7,17729.1,0,0
898,1682328600,17729.4,17749.0,17729.45,17747.8,0,0
899,1682329500,17747.7,17754.5,17740.6,17748.0,0,0
900,1682394300,17761.6,17767.05,17716.85,17728.7,0,0
901,1682395200,17729.0,17747.55,17726.4,17740.4,0,0
902,1682396100,17741.2,17751.5,17735.25,17737.8,0,0
903,1682397000,17737.0,17756.2,17732.5,17753.8,0,0
904,1682397900,17754.7,17764.55,17752.05,17758.9,0,0
905,1682398800,17758.4,17776.05,17753.8,17772.3,0,0
906,1682399700,17771.7,17774.55,17761.7,17765.2,0,0
907,1682400600,17765.1,17782.9,17757.95,17774.9,0,0
908,1682401500,17774.2,17792.1,17773.95,17782.2,0,0
909,1682402400,17783.1,17789.95,17778.85,17779.4,0,0
910,1682403300,17779.3,17789.2,17776.55,17784.4,0,0
911,1682404200,17784.8,17786.6,17769.8,17776.9,0,0
912,1682405100,17777.3,17782.05,17767.6,17770.7,0,0
913,1682406000,17770.2,17770.95,17748.9,17750.2,0,0
914,1682406900,17749.2,17772.65,17749.15,17770.7,0,0
915,1682407800,17770.7,17778.25,17763.55,17777.5,0,0
916,1682408700,17777.2,17782.6,17770.95,17775.1,0,0
917,1682409600,17774.7,17788.3,17769.8,17787.4,0,0
918,1682410500,17787.1,17789.3,17753.35,17761.3,0,0
919,1682411400,17761.7,17791.8,17757.05,17791.2,0,0
920,1682412300,17791.5,17807.45,17790.95,17798.7,0,0
921,1682413200,17799.0,17803.55,17789.15,17794.6,0,0
922,1682414100,17794.3,17798.85,17778.55,17780.7,0,0
923,1682415000,17782.2,17787.05,17765.75,17776.4,0,0
924,1682415900,17776.5,17776.6,17754.15,17761.9,0,0
925,1682480700,17767.3,17776.0,17736.95,17737.4,0,0
926,1682481600,17736.9,17743.85,17727.35,17733.7,0,0
927,1682482500,17733.3,17738.45,17711.2,17738.2,0,0
928,1682483400,17738.2,17757.75,17734.25,17751.6,0,0
929,1682484300,17752.0,17767.4,17751.5,17766.7,0,0
930,1682485200,17767.1,17773.95,17757.5,17760.2,0,0
931,1682486100,17760.4,17763.45,17751.9,17762.2,0,0
932,1682487000,17762.1,17778.8,17759.45,17774.1,0,0
933,1682487900,17773.8,17782.45,17770.2,17775.8,0,0
934,1682488800,17775.5,17780.0,17770.75,17776.2,0,0
935,1682489700,17776.1,17790.3,17774.1,17788.5,0,0
936,1682490600,17788.4,17792.05,17776.5,17778.9,0,0
937,1682491500,17778.3,17796.2,17775.8,17791.5,0,0
938,1682492400,17790.9,17810.25,17790.15,17803.1,0,0
939,1682493300,17803.2,17804.8,17780.75,17785.2,0,0
940,1682494200,17784.9,17788.5,17775.85,17781.3,0,0
941,1682495100,17780.8,17788.4,17767.2,17783.2,0,0
942,1682496000,17783.1,17792.45,17775.4,17780.7,0,0
943,1682496900,17780.8,17789.7,17779.4,17782.8,0,0
944,1682497800,17782.4,17795.0,17781.8,17794.7,0,0
945,1682498700,17795.0,17800.1,17776.5,17781.2,0,0
946,1682499600,17781.1,17788.75,17770.35,17782.9,0,0
947,1682500500,17782.6,17788.0,17776.5,17785.4,0,0
948,1682501400,17784.7,17820.9,17782.8,17816.4,0,0
949,1682502300,17816.0,17827.75,17810.25,17817.9,0,0
950,1682567100,17813.1,17833.0,17797.9,17830.3,0,0
951,1682568000,17829.5,17837.7,17807.45,17833.8,0,0
952,1682568900,17832.8,17846.15,17826.3,17835.8,0,0
953,1682569800,17836.3,17842.5,17828.25,17832.8,0,0
954,1682570700,17832.8,17845.5,17824.7,17842.6,0,0
955,1682571600,17843.5,17850.0,17834.45,17835.5,0,0
956,1682572500,17834.9,17841.05,17826.35,17830.2,0,0
957,1682573400,17830.4,17835.9,17824.55,17827.2,0,0
958,1682574300,17828.3,17845.95,17824.55,17843.3,0,0
959,1682575200,17843.4,17853.35,17838.95,17846.4,0,0
960,1682576100,17846.2,17859.0,17840.95,17855.7,0,0
961,1682577000,17854.4,17858.05,17847.15,17848.3,0,0
962,1682577900,17848.2,17850.5,17836.75,17847.9,0,0
963,1682578800,17847.9,17853.6,17841.95,17850.3,0,0
964,1682579700,17851.2,17856.0,17843.65,17849.3,0,0
965,1682580600,17848.9,17853.65,17842.35,17852.0,0,0
966,1682581500,17851.8,17875.1,17851.85,17872.6,0,0
967,1682582400,17873.2,17883.45,17872.5,17878.2,0,0
968,1682583300,17877.9,17891.2,17870.15,17888.5,0,0
969,1682584200,17889.1,17891.65,17881.8,17884.4,0,0
970,1682585100,17884.1,17885.05,17859.5,17875.3,0,0
971,1682586000,17874.3,17891.05,17873.65,17891.1,0,0
972,1682586900,17891.1,17895.9,17878.25,17887.7,0,0
973,1682587800,17886.3,17921.1,17884.8,17920.9,0,0
974,1682588700,17920.2,17931.6,17914.05,17923.2,0,0
975,1682653500,17950.4,17957.95,17895.25,17896.8,0,0
976,1682654400,17897.9,17922.5,17896.75,17911.8,0,0
977,1682655300,17911.7,17923.15,17905.3,17912.8,0,0
978,1682656200,17912.9,17919.6,17885.3,17889.2,0,0
979,1682657100,17889.0,17910.8,17887.45,17910.0,0,0
980,1682658000,17910.4,17915.45,17905.15,17907.3,0,0
981,1682658900,17907.2,17933.4,17903.95,17931.7,0,0
982,1682659800,17931.7,17948.6,17930.8,17946.2,0,0
983,1682660700,17946.1,17950.8,17935.35,17943.9,0,0
984,1682661600,17942.1,17953.75,17937.3,17953.5,0,0
985,1682662500,17953.7,17957.5,17944.55,17952.4,0,0
986,1682663400,17952.4,17971.3,17951.5,17963.9,0,0
987,1682664300,17963.7,17977.6,17955.95,17971.6,0,0
988,1682665200,17971.5,17973.35,17960.6,17970.6,0,0
989,1682666100,17969.6,17972.4,17959.0,17962.1,0,0
990,1682667000,17961.2,17975.85,17960.6,17973.3,0,0
991,1682667900,17973.1,17979.55,17966.35,17969.7,0,0
992,1682668800,17968.6,17980.5,17968.25,17978.9,0,0
993,1682669700,17979.7,17979.7,17970.9,17977.2,0,0
994,1682670600,17977.5,17989.7,17969.0,17981.8,0,0
995,1682671500,17981.6,17981.55,17962.95,17973.2,0,0
996,1682672400,17973.2,18003.25,17973.2,18002.4,0,0
997,1682673300,18002.8,18004.65,17981.3,17984.6,0,0
998,1682674200,17985.4,18071.05,17985.45,18064.1,0,0
999,1682675100,18063.7,18089.15,18046.35,18049.6,0,0
1000,1682999100,18124.8,18161.2,18101.75,18161.1,0,0
1001,1683000000,18161.4,18170.65,18153.2,18161.3,0,0
1002,1683000900,18161.4,18163.7,18146.05,18161.7,0,0
1003,1683001800,18161.9,18180.25,18153.3,18164.7,0,0
1004,1683002700,18166.4,18169.05,18148.5,18149.9,0,0
1005,1683003600,18149.2,18167.65,18143.1,18150.6,0,0
1006,1683004500,18150.0,18157.5,18146.75,18154.9,0,0
1007,1683005400,18154.6,18163.4,18131.2,18136.5,0,0
1008,1683006300,18136.8,18156.0,18132.75,18152.1,0,0
1009,1683007200,18152.0,18157.05,18144.55,18153.8,0,0
1010,1683008100,18153.9,18159.35,18150.05,18155.6,0,0
1011,1683009000,18155.7,18164.4,18152.55,18163.4,0,0
1012,1683009900,18163.1,18164.6,18148.65,18150.7,0,0
1013,1683010800,18150.9,18158.55,18143.45,18153.1,0,0
1014,1683011700,18153.9,18170.85,18153.75,18169.6,0,0
1015,1683012600,18169.6,18175.55,18165.6,18171.0,0,0
1016,1683013500,18170.8,18179.5,18166.95,18168.0,0,0
1017,1683014400,18168.1,18169.45,18155.2,18165.4,0,0
1018,1683015300,18163.5,18173.85,18161.45,18171.1,0,0
1019,1683016200,18169.3,18174.7,18155.9,18168.2,0,0
1020,1683017100,18168.1,18169.05,18157.5,18168.2,0,0
1021,1683018000,18168.2,18176.25,18158.6,18159.6,0,0
1022,1683018900,18159.6,18166.25,18135.6,18149.7,0,0
1023,1683019800,18151.8,18169.45,18141.9,18142.9,0,0
1024,1683020700,18142.3,18147.55,18130.55,18136.1,0,0
1025,1683085500,18113.8,18113.8,18050.6,18068.6,0,0
1026,1683086400,18069.9,18086.35,18056.55,18078.9,0,0
1027,1683087300,18077.7,18092.4,18070.0,18089.7,0,0
1028,1683088200,18089.5,18092.1,18080.0,18083.8,0,0
1029,1683089100,18083.7,18096.3,18083.65,18089.3,0,0
1030,1683090000,18089.8,18110.3,18089.3,18107.7,0,0
1031,1683090900,18107.4,18116.35,18101.75,18109.1,0,0
1032,1683091800,18109.4,18110.15,18078.55,18078.9,0,0
1033,1683092700,18078.9,18084.4,18072.35,18083.4,0,0
1034,1683093600,18083.8,18087.55,18069.45,18070.6,0,0
1035,1683094500,18070.4,18079.8,18063.4,18079.5,0,0
1036,1683095400,18079.7,18084.25,18068.05,18069.6,0,0
1037,1683096300,18069.1,18072.05,18061.3,18071.1,0,0
1038,1683097200,18071.3,18085.75,18067.45,18074.9,0,0
1039,1683098100,18075.1,18092.05,18074.7,18083.4,0,0
1040,1683099000,18082.7,18094.95,18076.6,18078.8,0,0
1041,1683099900,18077.9,18100.55,18073.6,18091.7,0,0
1042,1683100800,18091.4,18096.8,18070.8,18078.4,0,0
1043,1683101700,18078.7,18082.1,18042.4,18055.9,0,0
1044,1683102600,18055.4,18074.2,18053.95,18069.0,0,0
1045,1683103500,18069.3,18082.8,18064.35,18075.4,0,0
1046,1683104400,18074.8,18101.05,18073.1,18081.6,0,0
1047,1683105300,18081.6,18089.8,18072.45,18076.3,0,0
1048,1683106200,18077.5,18098.9,18070.15,18098.0,0,0
1049,1683107100,18098.1,18102.6,18077.65,18082.7,0,0
1050,1683171900,18081.0,18119.9,18066.7,18117.4,0,0
1051,1683172800,18118.2,18123.45,18102.7,18111.8,0,0
1052,1683173700,18111.8,18119.35,18106.6,18119.0,0,0
1053,1683174600,18119.2,18134.75,18114.95,18126.2,0,0
1054,1683175500,18126.8,18136.1,18122.5,18132.3,0,0
1055,1683176400,18132.7,18147.15,18131.0,18144.8,0,0
1056,1683177300,18145.2,18151.5,18136.9,18146.3,0,0
1057,1683178200,18146.2,18152.8,18144.15,18152.4,0,0
1058,1683179100,18152.1,18158.65,18144.55,18148.1,0,0
1059,1683180000,18147.1,18167.5,18147.05,18163.8,0,0
1060,1683180900,18162.8,18167.05,18152.5,18166.0,0,0
1061,1683181800,18166.0,18168.05,18151.4,18153.9,0,0
1062,1683182700,18153.1,18173.1,18151.45,18166.3,0,0
1063,1683183600,18165.8,18176.35,18162.3,18173.9,0,0
1064,1683184500,18173.2,18178.75,18162.65,18166.9,0,0
1065,1683185400,18167.4,18192.5,18161.95,18179.4,0,0
1066,1683186300,18180.4,18185.65,18170.9,18181.9,0,0
1067,1683187200,18182.2,18188.85,18175.85,18187.1,0,0
1068,1683188100,18187.6,18194.95,18176.3,18179.9,0,0
1069,1683189000,18181.3,18187.3,18172.55,18180.7,0,0
1070,1683189900,18180.9,18208.7,18176.95,18198.6,0,0
1071,1683190800,18199.0,18221.15,18198.95,18213.3,0,0
1072,1683191700,18214.6,18229.6,18211.7,18228.8,0,0
1073,1683192600,18229.1,18267.45,18228.8,18263.2,0,0
1074,1683193500,18263.2,18264.2,18236.85,18238.6,0,0
1075,1683258300,18117.3,18182.6,18104.9,18169.6,0,0
1076,1683259200,18171.1,18187.25,18169.45,18177.2,0,0
1077,1683260100,18176.6,18190.45,18172.55,18186.2,0,0
1078,1683261000,18186.8,18205.25,18186.25,18199.8,0,0
1079,1683261900,18199.4,18209.05,18191.75,18201.8,0,0
1080,1683262800,18202.2,18215.15,18196.95,18212.5,0,0
1081,1683263700,18212.9,18216.95,18205.65,18210.4,0,0
1082,1683264600,18210.7,18211.15,18142.05,18160.7,0,0
1083,1683265500,18162.1,18162.05,18113.2,18132.9,0,0
1084,1683266400,18132.1,18148.25,18131.4,18140.8,0,0
1085,1683267300,18141.4,18141.45,18098.35,18099.3,0,0
1086,1683268200,18098.6,18137.1,18085.35,18137.1,0,0
1087,1683269100,18137.1,18153.8,18127.2,18149.3,0,0
1088,1683270000,18149.4,18153.55,18134.5,18147.3,0,0
1089,1683270900,18147.2,18168.4,18141.1,18160.4,0,0
1090,1683271800,18161.7,18162.4,18129.85,18153.7,0,0
1091,1683272700,18154.1,18156.35,18138.95,18145.2,0,0
1092,1683273600,18144.6,18160.75,18126.35,18139.9,0,0
1093,1683274500,18140.4,18140.45,18102.95,18118.2,0,0
1094,1683275400,18118.4,18143.7,18115.75,18140.8,0,0
1095,1683276300,18140.8,18146.6,18113.15,18115.5,0,0
1096,1683277200,18114.8,18124.2,18104.85,18121.4,0,0
1097,1683278100,18121.1,18124.25,18086.7,18090.8,0,0
1098,1683279000,18091.4,18092.25,18061.05,18071.9,0,0
1099,1683279900,18071.0,18079.25,18055.45,18069.9,0,0
1100,1683517500,18120.6,18192.45,18100.3,18178.4,0,0
1101,1683518400,18177.9,18196.35,18176.85,18191.8,0,0
1102,1683519300,18192.2,18218.35,18191.65,18211.7,0,0
1103,1683520200,18210.9,18218.6,18190.55,18193.8,0,0
1104,1683521100,18194.0,18238.95,18192.75,18233.6,0,0
1105,1683522000,18233.3,18244.9,18220.55,18244.5,0,0
1106,1683522900,18244.7,18252.25,18228.2,18234.6,0,0
1107,1683523800,18234.7,18238.85,18219.3,18233.6,0,0
1108,1683524700,18234.1,18238.95,18228.4,18234.3,0,0
1109,1683525600,18234.6,18253.65,18231.1,18247.9,0,0
1110,1683526500,18247.7,18264.05,18247.45,18258.4,0,0
1111,1683527400,18259.1,18278.1,18248.75,18269.9,0,0
1112,1683528300,18269.3,18272.15,18257.55,18260.9,0,0
1113,1683529200,18261.2,18275.85,18260.95,18274.1,0,0
1114,1683530100,18274.3,18277.3,18257.8,18265.2,0,0
1115,1683531000,18265.1,18270.85,18258.05,18270.3,0,0
1116,1683531900,18270.4,18283.25,18269.35,18280.1,0,0
1117,1683532800,18279.8,18282.75,18268.0,18269.2,0,0
1118,1683533700,18270.4,18285.35,18260.5,18283.1,0,0
1119,1683534600,18282.6,18286.95,18274.3,18274.3,0,0
1120,1683535500,18274.8,18277.3,18258.5,18271.7,0,0
1121,1683536400,18271.2,18278.4,18256.25,18269.9,0,0
1122,1683537300,18269.7,18275.0,18262.5,18265.2,0,0
1123,1683538200,18265.1,18273.0,18246.85,18266.1,0,0
1124,1683539100,18265.1,18283.7,18257.3,18269.8,0,0
1125,1683603900,18303.4,18318.75,18292.5,18299.2,0,0
1126,1683604800,18298.8,18316.25,18276.9,18314.1,0,0
1127,1683605700,18316.3,18330.4,18314.2,18321.0,0,0
1128,1683606600,18320.9,18332.15,18318.7,18331.2,0,0
1129,1683607500,18331.2,18338.5,18326.9,18330.1,0,0
1130,1683608400,18329.6,18334.45,18318.55,18332.9,0,0
1131,1683609300,18333.2,18344.2,18330.8,18338.8,0,0
1132,1683610200,18339.1,18343.35,18328.35,18330.6,0,0
1133,1683611100,18330.2,18333.55,18319.75,18326.9,0,0
1134,1683612000,18326.8,18337.75,18315.85,18330.1,0,0
1135,1683612900,18330.4,18336.4,18323.25,18331.9,0,0
1136,1683613800,18332.0,18336.95,18326.5,18328.2,0,0
1137,1683614700,18329.3,18331.65,18318.45,18324.2,0,0
1138,1683615600,18323.8,18332.2,18319.4,18326.6,0,0
1139,1683616500,18327.1,18327.05,18294.9,18304.8,0,0
1140,1683617400,18304.6,18306.5,18290.75,18292.8,0,0
1141,1683618300,18292.6,18305.25,18278.95,18282.0,0,0
1142,1683619200,18282.2,18288.95,18274.15,18283.2,0,0
1143,1683620100,18283.8,18287.55,18254.25,18254.9,0,0
1144,1683621000,18254.8,18273.0,18229.65,18260.8,0,0
1145,1683621900,18260.2,18274.95,18249.2,18270.3,0,0
1146,1683622800,18270.2,18281.9,18256.75,18257.9,0,0
1147,1683623700,18257.1,18270.25,18249.25,18267.2,0,0
1148,1683624600,18266.7,18281.25,18262.7,18268.3,0,0
1149,1683625500,18269.2,18269.45,18253.95,18258.3,0,0
1150,1683690300,18313.6,18323.15,18289.85,18305.6,0,0
1151,1683691200,18304.2,18305.85,18237.0,18238.8,0,0
1152,1683692100,18238.7,18254.3,18225.55,18226.2,0,0
1153,1683693000,18226.2,18231.2,18211.95,18226.3,0,0
1154,1683693900,18226.4,18254.2,18225.1,18252.4,0,0
1155,1683694800,18252.5,18272.8,18241.35,18245.0,0,0
1156,1683695700,18245.8,18255.4,18237.95,18241.0,0,0
1157,1683696600,18242.7,18257.55,18239.3,18256.6,0,0
1158,1683697500,18257.4,18266.6,18253.5,18264.2,0,0
1159,1683698400,18263.0,18281.65,18259.05,18273.4,0,0
1160,1683699300,18272.6,18290.25,18272.6,18275.8,0,0
1161,1683700200,18276.3,18280.55,18264.7,18276.1,0,0
1162,1683701100,18275.7,18287.3,18272.8,18276.9,0,0
1163,1683702000,18276.8,18290.0,18273.05,18286.3,0,0
1164,1683702900,18286.9,18297.25,18282.8,18288.9,0,0
1165,1683703800,18287.8,18294.3,18282.8,18292.4,0,0
1166,1683704700,18292.8,18298.95,18248.7,18254.3,0,0
1167,1683705600,18255.6,18269.35,18244.3,18267.2,0,0
1168,1683706500,18266.9,18282.25,18253.2,18278.3,0,0
1169,1683707400,18278.6,18290.1,18270.15,18288.6,0,0
1170,1683708300,18288.5,18305.15,18282.85,18287.7,0,0
1171,1683709200,18287.9,18292.65,18277.1,18286.6,0,0
1172,1683710100,18286.1,18291.25,18268.55,18287.2,0,0
1173,1683711000,18286.7,18325.0,18283.1,18319.4,0,0
1174,1683711900,18319.7,18326.75,18307.75,18311.0,0,0
1175,1683776700,18357.8,18389.7,18299.6,18304.4,0,0
1176,1683777600,18305.3,18327.5,18289.35,18312.1,0,0
1177,1683778500,18311.7,18318.9,18291.15,18306.4,0,0
1178,1683779400,18307.1,18330.5,18305.55,18323.2,0,0
1179,1683780300,18323.7,18336.25,18311.6,18322.9,0,0
1180,1683781200,18321.7,18347.1,18316.75,18332.8,0,0
1181,1683782100,18334.0,18350.3,18331.5,18335.6,0,0
1182,1683783000,18335.5,18336.25,18322.65,18326.6,0,0
1183,1683783900,18327.4,18342.1,18324.05,18333.3,0,0
1184,1683784800,18332.9,18333.05,18316.5,18327.1,0,0
1185,1683785700,18327.7,18328.05,18301.9,18304.6,0,0
1186,1683786600,18303.9,18319.0,18298.05,18307.5,0,0
1187,1683787500,18306.8,18325.6,18306.3,18323.8,0,0
1188,1683788400,18323.9,18329.3,18310.0,18311.9,0,0
1189,1683789300,18312.0,18317.2,18304.3,18315.6,0,0
1190,1683790200,18315.1,18330.0,18313.85,18320.2,0,0
1191,1683791100,18320.9,18329.9,18309.65,18321.8,0,0
1192,1683792000,18320.7,18331.75,18316.35,18320.8,0,0
1193,1683792900,18320.8,18328.85,18305.0,18319.4,0,0
1194,1683793800,18319.3,18326.15,18310.35,18321.8,0,0
1195,1683794700,18322.8,18343.25,18311.85,18322.8,0,0
1196,1683795600,18322.1,18329.6,18312.0,18317.8,0,0
1197,1683796500,18318.2,18318.2,18270.4,18289.4,0,0
1198,1683797400,18291.8,18305.85,18286.15,18298.9,0,0
1199,1683798300,18298.8,18312.8,18289.9,18304.5,0,0
1200,1683863100,18273.8,18277.3,18218.95,18233.2,0,0
1201,1683864000,18233.2,18233.25,18195.05,18204.0,0,0
1202,1683864900,18203.2,18244.65,18194.55,18234.2,0,0
1203,1683865800,18234.2,18250.95,18227.75,18244.2,0,0
1204,1683866700,18244.9,18262.2,18238.35,18249.6,0,0
1205,1683867600,18249.5,18272.9,18249.5,18270.4,0,0
1206,1683868500,18270.6,18283.55,18263.15,18276.8,0,0
1207,1683869400,18276.2,18289.45,18273.0,18285.0,0,0
1208,1683870300,18284.8,18291.15,18265.0,18270.4,0,0
1209,1683871200,18269.6,18281.1,18266.9,18273.6,0,0
1210,1683872100,18273.6,18284.5,18272.55,18283.4,0,0
1211,1683873000,18283.7,18285.05,18275.8,18277.8,0,0
1212,1683873900,18277.5,18293.45,18276.3,18291.7,0,0
1213,1683874800,18291.7,18302.4,18289.4,18297.9,0,0
1214,1683875700,18298.1,18308.35,18294.7,18307.4,0,0
1215,1683876600,18307.4,18313.0,18299.95,18301.2,0,0
1216,1683877500,18301.7,18313.35,18295.85,18295.8,0,0
1217,1683878400,18296.3,18322.1,18296.3,18317.0,0,0
1218,1683879300,18317.5,18334.15,18311.15,18331.9,0,0
1219,1683880200,18332.2,18342.75,18329.0,18329.2,0,0
1220,1683881100,18329.3,18333.35,18319.7,18321.1,0,0
1221,1683882000,18321.6,18338.45,18310.95,18333.0,0,0
1222,1683882900,18332.5,18337.45,18317.7,18329.3,0,0
1223,1683883800,18328.8,18333.45,18308.35,18315.9,0,0
1224,1683884700,18315.8,18320.3,18308.7,18312.2,0,0
1225,1684122300,18339.3,18363.7,18287.9,18348.8,0,0
1226,1684123200,18350.2,18366.65,18332.95,18364.8,0,0
1227,1684124100,18363.7,18375.25,18361.85,18371.8,0,0
1228,1684125000,18371.5,18387.0,18371.5,18383.4,0,0
1229,1684125900,18383.8,18391.35,18374.35,18378.3,0,0
1230,1684126800,18378.2,18392.55,18375.6,18384.0,0,0
1231,1684127700,18384.6,18392.75,18367.8,18381.7,0,0
1232,1684128600,18381.6,18403.35,18381.6,18397.8,0,0
1233,1684129500,18397.7,18414.9,18397.35,18413.3,0,0
1234,1684130400,18413.7,18420.95,18409.7,18415.0,0,0
1235,1684131300,18415.1,18422.2,18412.75,18413.9,0,0
1236,1684132200,18414.6,18423.6,18409.15,18420.0,0,0
1237,1684133100,18420.2,18426.75,18414.4,18424.9,0,0
1238,1684134000,18424.8,18432.55,18418.15,18432.0,0,0
1239,1684134900,18431.8,18437.0,18427.55,18433.8,0,0
1240,1684135800,18432.9,18437.4,18426.0,18433.8,0,0
1241,1684136700,18433.2,18439.15,18427.4,18433.8,0,0
1242,1684137600,18434.7,18445.95,18430.35,18444.8,0,0
1243,1684138500,18444.2,18450.5,18442.8,18443.1,0,0
1244,1684139400,18442.8,18454.7,18439.25,18451.9,0,0
1245,1684140300,18451.9,18458.9,18426.9,18430.9,0,0
1246,1684141200,18431.1,18441.2,18425.5,18435.2,0,0
1247,1684142100,18434.8,18444.05,18431.3,18440.9,0,0
1248,1684143000,18442.7,18442.7,18389.0,18390.0,0,0
1249,1684143900,18389.6,18397.7,18384.6,18384.6,0,0
1250,1684208700,18432.3,18432.35,18366.7,18391.2,0,0
1251,1684209600,18391.7,18399.4,18360.1,18395.5,0,0
1252,1684210500,18396.1,18412.85,18393.25,18393.8,0,0
1253,1684211400,18394.1,18411.5,18391.55,18401.7,0,0
1254,1684212300,18401.9,18406.15,18384.05,18385.8,0,0
1255,1684213200,18385.6,18390.25,18363.65,18383.5,0,0
1256,1684214100,18383.6,18391.25,18377.1,18388.9,0,0
1257,1684215000,18388.8,18393.55,18371.9,18379.2,0,0
1258,1684215900,18380.3,18380.9,18358.3,18362.3,0,0
1259,1684216800,18361.9,18362.4,18347.3,18360.1,0,0
1260,1684217700,18359.3,18367.55,18355.35,18356.0,0,0
1261,1684218600,18355.8,18363.65,18353.4,18357.9,0,0
1262,1684219500,18357.9,18368.1,18356.5,18366.8,0,0
1263,1684220400,18366.6,18368.2,18346.1,18364.4,0,0
1264,1684221300,18364.5,18366.2,18349.75,18352.2,0,0
1265,1684222200,18352.2,18368.65,18350.3,18363.8,0,0
1266,1684223100,18363.6,18366.15,18354.3,18361.8,0,0
1267,1684224000,18361.9,18371.9,18354.5,18357.8,0,0
1268,1684224900,18357.6,18377.45,18357.45,18365.4,0,0
1269,1684225800,18364.7,18372.8,18336.45,18341.2,0,0
1270,1684226700,18340.8,18351.8,18327.65,18344.5,0,0
1271,1684227600,18344.8,18353.6,18337.5,18339.1,0,0
1272,1684228500,18340.2,18344.35,18311.25,18321.4,0,0
1273,1684229400,18320.3,18321.05,18279.15,18283.2,0,0
1274,1684230300,18283.2,18290.4,18264.35,18276.8,0,0
1275,1684295100,18300.4,18309.0,18256.65,18260.7,0,0
1276,1684296000,18260.3,18276.45,18249.45,18259.9,0,0
1277,1684296900,18260.4,18274.1,18249.05,18266.8,0,0
1278,1684297800,18266.8,18274.3,18261.7,18268.8,0,0
1279,1684298700,18267.8,18269.45,18234.65,18240.8,0,0
1280,1684299600,18241.1,18249.2,18227.85,18228.7,0,0
1281,1684300500,18228.3,18229.0,18218.05,18225.3,0,0
1282,1684301400,18224.4,18233.25,18212.7,18231.0,0,0
1283,1684302300,18231.2,18232.3,18211.15,18215.7,0,0
1284,1684303200,18215.4,18216.2,18181.25,18181.9,0,0
1285,1684304100,18181.7,18184.7,18150.1,18155.9,0,0
1286,1684305000,18154.8,18157.2,18134.05,18147.7,0,0
1287,1684305900,18148.1,18155.7,18137.25,18149.3,0,0
1288,1684306800,18149.9,18168.85,18146.15,18163.1,0,0
1289,1684307700,18162.9,18169.8,18136.05,18140.3,0,0
1290,1684308600,18140.2,18146.1,18131.95,18132.7,0,0
1291,1684309500,18131.7,18137.8,18119.3,18123.9,0,0
1292,1684310400,18123.6,18135.15,18115.35,18132.7,0,0
1293,1684311300,18132.4,18152.25,18129.75,18142.9,0,0
1294,1684312200,18143.2,18150.7,18129.0,18138.8,0,0
1295,1684313100,18138.7,18154.75,18132.35,18142.8,0,0
1296,1684314000,18142.1,18176.25,18142.1,18174.7,0,0
1297,1684314900,18174.8,18185.55,18157.8,18166.8,0,0
1298,1684315800,18167.4,18185.65,18162.8,18184.0,0,0
1299,1684316700,18183.9,18197.95,18182.65,18197.9,0,0
1300,1684381500,18287.5,18297.2,18255.95,18273.8,0,0
1301,1684382400,18272.9,18283.1,18238.0,18260.2,0,0
1302,1684383300,18260.7,18264.9,18229.3,18247.6,0,0
1303,1684384200,18248.7,18251.35,18213.85,18222.2,0,0
1304,1684385100,18221.9,18240.2,18221.55,18235.6,0,0
1305,1684386000,18235.1,18236.25,18219.3,18234.2,0,0
1306,1684386900,18234.2,18237.75,18221.3,18234.1,0,0
1307,1684387800,18234.3,18249.9,18229.95,18242.4,0,0
1308,1684388700,18241.7,18256.5,18238.15,18240.6,0,0
1309,1684389600,18240.8,18245.3,18228.6,18235.4,0,0
1310,1684390500,18236.4,18258.75,18232.25,18247.8,0,0
1311,1684391400,18247.7,18249.2,18221.25,18229.5,0,0
1312,1684392300,18229.4,18230.15,18199.75,18208.9,0,0
1313,1684393200,18209.4,18218.55,18201.95,18202.6,0,0
1314,1684394100,18202.7,18205.6,18182.65,18186.2,0,0
1315,1684395000,18186.2,18207.55,18185.85,18191.8,0,0
1316,1684395900,18192.1,18206.8,18189.55,18205.3,0,0
1317,1684396800,18204.9,18213.45,18191.25,18194.4,0,0
1318,1684397700,18194.8,18208.4,18166.3,18195.7,0,0
1319,1684398600,18195.7,18201.4,18165.6,18171.9,0,0
1320,1684399500,18172.1,18186.15,18150.7,18180.2,0,0
1321,1684400400,18180.9,18182.4,18144.0,18159.3,0,0
1322,1684401300,18158.2,18167.85,18148.3,18150.2,0,0
1323,1684402200,18151.4,18158.75,18104.85,18135.2,0,0
1324,1684403100,18135.1,18142.0,18123.35,18134.7,0,0
1325,1684467900,18186.2,18186.15,18130.15,18142.2,0,0
1326,1684468800,18143.2,18145.8,18096.5,18118.2,0,0
1327,1684469700,18118.2,18127.95,18083.1,18090.3,0,0
1328,1684470600,18090.8,18094.7,18066.8,18082.5,0,0
1329,1684471500,18083.3,18092.6,18074.55,18091.2,0,0
1330,1684472400,18091.6,18101.5,18060.4,18073.2,0,0
1331,1684473300,18072.9,18090.05,18072.45,18090.1,0,0
1332,1684474200,18089.6,18116.55,18089.55,18114.8,0,0
1333,1684475100,18115.2,18157.85,18111.3,18135.1,0,0
1334,1684476000,18135.2,18142.2,18118.95,18141.8,0,0
1335,1684476900,18141.8,18154.8,18136.7,18153.1,0,0
1336,1684477800,18152.7,18158.4,18136.55,18137.9,0,0
1337,1684478700,18137.9,18149.75,18129.6,18139.1,0,0
1338,1684479600,18138.7,18138.9,18098.45,18117.1,0,0
1339,1684480500,18117.3,18125.2,18108.2,18110.8,0,0
1340,1684481400,18111.2,18134.8,18110.6,18121.2,0,0
1341,1684482300,18121.2,18139.4,18120.75,18126.1,0,0
1342,1684483200,18125.7,18128.2,18116.35,18125.2,0,0
1343,1684484100,18125.1,18148.75,18118.65,18141.7,0,0
1344,1684485000,18142.1,18168.55,18142.05,18164.7,0,0
1345,1684485900,18164.3,18176.4,18161.65,18167.2,0,0
1346,1684486800,18168.2,18191.25,18160.8,18182.6,0,0
1347,1684487700,18182.9,18199.55,18176.3,18185.2,0,0
1348,1684488600,18187.7,18217.3,18177.6,18204.2,0,0
1349,1684489500,18205.2,18218.1,18201.45,18205.4,0,0
1350,1684727100,18201.1,18258.7,18178.85,18250.8,0,0
1351,1684728000,18250.6,18286.2,18246.8,18284.1,0,0
1352,1684728900,18282.7,18294.95,18275.25,18275.7,0,0
1353,1684729800,18275.2,18276.3,18231.1,18270.6,0,0
1354,1684730700,18270.5,18278.55,18262.15,18272.9,0,0
1355,1684731600,18273.9,18288.35,18265.65,18278.7,0,0
1356,1684732500,18277.8,18305.5,18277.8,18303.2,0,0
1357,1684733400,18302.9,18309.8,18291.05,18296.9,0,0
1358,1684734300,18296.6,18306.65,18292.9,18297.4,0,0
1359,1684735200,18296.8,18305.15,18287.7,18304.1,0,0
1360,1684736100,18304.3,18310.6,18293.65,18299.1,0,0
1361,1684737000,18299.4,18318.15,18288.65,18316.9,0,0
1362,1684737900,18317.1,18325.8,18298.95,18298.9,0,0
1363,1684738800,18299.1,18300.45,18283.55,18286.4,0,0
1364,1684739700,18286.9,18302.3,18281.5,18297.6,0,0
1365,1684740600,18297.1,18298.75,18280.4,18295.3,0,0
1366,1684741500,18295.6,18302.35,18272.8,18278.7,0,0
1367,1684742400,18278.2,18282.5,18250.75,18261.8,0,0
1368,1684743300,18261.7,18291.1,18261.7,18287.7,0,0
1369,1684744200,18288.7,18307.8,18284.7,18303.3,0,0
1370,1684745100,18304.2,18315.05,18293.35,18294.9,0,0
1371,1684746000,18294.3,18309.3,18289.05,18291.4,0,0
1372,1684746900,18292.2,18323.05,18286.3,18310.2,0,0
1373,1684747800,18310.5,18335.25,18308.0,18309.6,0,0
1374,1684748700,18308.9,18318.1,18297.8,18303.3,0,0
1375,1684813500,18362.9,18390.1,18349.75,18379.7,0,0
1376,1684814400,18379.8,18409.75,18379.75,18404.7,0,0
1377,1684815300,18405.7,18407.8,18383.7,18397.3,0,0
1378,1684816200,18397.3,18401.9,18383.05,18391.4,0,0
1379,1684817100,18391.6,18397.2,18381.15,18394.0,0,0
1380,1684818000,18394.2,18407.15,18390.0,18406.3,0,0
1381,1684818900,18405.9,18410.5,18398.4,18401.2,0,0
1382,1684819800,18401.2,18412.85,18396.75,18411.8,0,0
1383,1684820700,18411.7,18413.95,18393.65,18398.4,0,0
1384,1684821600,18399.0,18407.95,18390.7,18406.8,0,0
1385,1684822500,18407.2,18407.8,18394.85,18400.6,0,0
1386,1684823400,18400.3,18410.0,18398.3,18406.4,0,0
1387,1684824300,18406.2,18412.0,18394.8,18406.9,0,0
1388,1684825200,18406.8,18411.55,18396.0,18406.9,0,0
1389,1684826100,18406.9,18416.0,18398.6,18415.4,0,0
1390,1684827000,18415.4,18419.75,18396.05,18398.6,0,0
1391,1684827900,18399.3,18403.95,18388.9,18396.3,0,0
1392,1684828800,18396.9,18406.15,18395.35,18396.9,0,0
1393,1684829700,18397.1,18409.55,18395.75,18399.5,0,0
1394,1684830600,18399.2,18407.2,18389.9,18400.3,0,0
1395,1684831500,18400.8,18410.2,18394.65,18403.7,0,0
1396,1684832400,18403.8,18405.75,18374.1,18379.4,0,0
1397,1684833300,18380.4,18381.35,18357.8,18373.8,0,0
1398,1684834200,18373.1,18376.3,18343.2,18343.9,0,0
1399,1684835100,18344.2,18346.85,18324.2,18333.8,0,0
1400,1684899900,18294.8,18308.95,18269.7,18303.3,0,0
1401,1684900800,18302.7,18339.0,18302.7,18330.0,0,0
1402,1684901700,18328.3,18352.55,18326.85,18350.6,0,0
1403,1684902600,18351.2,18365.75,18347.1,18362.8,0,0
1404,1684903500,18363.4,18378.9,18350.35,18353.3,0,0
1405,1684904400,18353.7,18374.2,18348.4,18374.2,0,0
1406,1684905300,18374.3,18385.0,18373.45,18378.8,0,0
1407,1684906200,18380.9,18387.6,18370.75,18374.1,0,0
1408,1684907100,18374.6,18392.6,18368.6,18386.1,0,0
1409,1684908000,18386.1,18386.45,18360.35,18361.8,0,0
1410,1684908900,18361.8,18366.9,18352.55,18358.1,0,0
1411,1684909800,18358.1,18360.45,18341.0,18341.1,0,0
1412,1684910700,18341.8,18343.85,18328.2,18331.9,0,0
1413,1684911600,18333.6,18335.95,18318.6,18323.8,0,0
1414,1684912500,18323.5,18331.7,18317.0,18330.4,0,0
1415,1684913400,18330.5,18332.4,18301.85,18302.3,0,0
1416,1684914300,18302.8,18305.1,18292.6,18303.9,0,0
1417,1684915200,18303.6,18323.5,18303.55,18316.2,0,0
1418,1684916100,18315.6,18315.55,18300.3,18307.3,0,0
1419,1684917000,18307.3,18313.25,18296.75,18312.6,0,0
1420,1684917900,18312.6,18319.5,18304.3,18309.8,0,0
1421,1684918800,18309.6,18325.8,18274.35,18278.7,0,0
1422,1684919700,18279.6,18279.55,18263.2,18265.2,0,0
1423,1684920600,18265.1,18296.95,18262.95,18289.3,0,0
1424,1684921500,18289.7,18295.25,18285.2,18287.0,0,0
1425,1684986300,18268.9,18299.5,18251.3,18256.8,0,0
1426,1684987200,18257.2,18275.95,18236.5,18275.9,0,0
1427,1684988100,18276.2,18303.8,18271.95,18277.1,0,0
1428,1684989000,18277.5,18285.35,18254.45,18261.8,0,0
1429,1684989900,18262.6,18271.7,18247.95,18252.8,0,0
1430,1684990800,18251.1,18263.4,18242.6,18249.7,0,0
1431,1684991700,18249.2,18262.55,18245.85,18257.6,0,0
1432,1684992600,18258.6,18258.8,18247.35,18252.9,0,0
1433,1684993500,18253.2,18255.2,18217.7,18219.3,0,0
1434,1684994400,18218.6,18230.15,18213.0,18221.1,0,0
1435,1684995300,18221.4,18240.6,18218.7,18236.9,0,0
1436,1684996200,18237.3,18247.9,18228.15,18243.9,0,0
1437,1684997100,18244.1,18257.0,18242.25,18247.1,0,0
1438,1684998000,18247.2,18248.7,18229.6,18230.6,0,0
1439,1684998900,18231.3,18245.75,18226.8,18231.2,0,0
1440,1684999800,18230.8,18232.25,18214.0,18225.4,0,0
1441,1685000700,18225.2,18227.55,18211.1,18221.4,0,0
1442,1685001600,18221.7,18224.1,18202.4,18211.0,0,0
1443,1685002500,18210.9,18224.1,18210.0,18214.0,0,0
1444,1685003400,18214.2,18242.05,18213.95,18241.1,0,0
1445,1685004300,18241.7,18262.1,18236.05,18248.2,0,0
1446,1685005200,18248.7,18262.1,18245.3,18259.7,0,0
1447,1685006100,18259.8,18297.35,18249.8,18296.6,0,0
1448,1685007000,18297.6,18337.95,18296.05,18328.7,0,0
1449,1685007900,18328.2,18338.1,18324.6,18335.9,0,0
1450,1685072700,18368.3,18372.25,18333.15,18362.3,0,0
1451,1685073600,18362.3,18382.15,18347.45,18381.1,0,0
1452,1685074500,18380.8,18383.7,18369.5,18378.8,0,0
1453,1685075400,18378.4,18389.9,18376.6,18378.4,0,0
1454,1685076300,18377.8,18395.45,18373.65,18391.2,0,0
1455,1685077200,18391.4,18400.45,18385.8,18391.1,0,0
1456,1685078100,18390.6,18393.9,18385.55,18388.7,0,0
1457,1685079000,18388.3,18416.95,18388.3,18413.8,0,0
1458,1685079900,18413.6,18418.05,18409.35,18411.8,0,0
1459,1685080800,18411.2,18430.3,18410.95,18430.2,0,0
1460,1685081700,18430.1,18434.45,18421.65,18429.8,0,0
1461,1685082600,18429.9,18443.3,18429.95,18433.6,0,0
1462,1685083500,18432.1,18440.3,18424.45,18428.4,0,0
1463,1685084400,18426.3,18438.15,18422.1,18434.6,0,0
1464,1685085300,18434.2,18444.85,18434.2,18441.9,0,0
1465,1685086200,18442.1,18449.75,18433.55,18434.6,0,0
1466,1685087100,18434.3,18439.6,18428.55,18435.8,0,0
1467,1685088000,18435.6,18452.05,18433.9,18451.8,0,0
1468,1685088900,18451.8,18478.45,18450.8,18467.3,0,0
1469,1685089800,18466.3,18488.05,18466.35,18486.2,0,0
1470,1685090700,18486.1,18501.55,18485.4,18489.8,0,0
1471,1685091600,18490.3,18499.8,18483.05,18483.2,0,0
1472,1685092500,18483.1,18496.95,18480.2,18491.3,0,0
1473,1685093400,18491.2,18508.55,18484.5,18505.0,0,0
1474,1685094300,18505.1,18505.7,18491.85,18491.9,0,0
1475,1685331900,18619.2,18641.2,18592.9,18629.0,0,0
1476,1685332800,18629.2,18632.8,18605.95,18627.1,0,0
1477,1685333700,18626.8,18628.1,18597.5,18603.0,0,0
1478,1685334600,18602.7,18605.25,18584.45,18588.4,0,0
1479,1685335500,18589.1,18614.2,18585.05,18607.7,0,0
1480,1685336400,18606.8,18626.5,18604.1,18617.0,0,0
1481,1685337300,18619.2,18627.95,18614.2,18619.7,0,0
1482,1685338200,18619.8,18633.65,18614.25,18632.8,0,0
1483,1685339100,18632.4,18638.45,18621.65,18631.9,0,0
1484,1685340000,18632.7,18637.7,18616.75,18620.2,0,0
1485,1685340900,18621.4,18628.8,18614.6,18625.6,0,0
1486,1685341800,18625.9,18626.4,18613.9,18617.6,0,0
1487,1685342700,18618.9,18622.45,18608.45,18611.8,0,0
1488,1685343600,18611.8,18614.25,18598.7,18608.9,0,0
1489,1685344500,18608.8,18609.05,18587.4,18594.4,0,0
1490,1685345400,18594.8,18601.1,18593.55,18595.8,0,0
1491,1685346300,18595.7,18612.7,18595.3,18604.0,0,0
1492,1685347200,18604.8,18614.65,18602.8,18609.2,0,0
1493,1685348100,18608.4,18618.5,18607.05,18615.4,0,0
1494,1685349000,18615.0,18625.65,18615.0,18622.8,0,0
1495,1685349900,18622.7,18623.9,18582.7,18591.9,0,0
1496,1685350800,18592.1,18606.1,18581.25,18588.4,0,0
1497,1685351700,18588.6,18605.5,18585.6,18602.6,0,0
1498,1685352600,18602.2,18612.8,18596.05,18599.3,0,0
1499,1685353500,18599.5,18601.1,18583.2,18601.1,0,0
1500,1685418300,18606.7,18649.25,18575.5,18641.4,0,0
1501,1685419200,18642.3,18643.6,18619.55,18638.9,0,0
1502,1685420100,18639.6,18646.25,18628.2,18634.2,0,0
1503,1685421000,18633.8,18654.2,18632.3,18652.2,0,0
1504,1685421900,18653.2,18662.45,18637.55,18637.6,0,0
1505,1685422800,18636.8,18636.85,18624.0,18628.3,0,0
1506,1685423700,18628.3,18631.75,18593.85,18595.2,0,0
1507,1685424600,18595.2,18620.8,18591.25,18606.9,0,0
1508,1685425500,18606.2,18614.6,18599.8,18611.8,0,0
1509,1685426400,18611.6,18625.1,18604.7,18610.9,0,0
1510,1685427300,18610.3,18619.5,18600.05,18600.1,0,0
1511,1685428200,18600.3,18622.15,18598.35,18620.8,0,0
1512,1685429100,18620.2,18626.95,18603.35,18609.0,0,0
1513,1685430000,18608.8,18610.3,18589.95,18590.2,0,0
1514,1685430900,18589.8,18612.25,18587.65,18610.3,0,0
1515,1685431800,18610.2,18617.95,18609.0,18611.9,0,0
1516,1685432700,18611.8,18619.05,18606.35,18614.5,0,0
1517,1685433600,18614.5,18622.8,18611.5,18618.6,0,0
1518,1685434500,18618.2,18622.65,18611.2,18612.8,0,0
1519,1685435400,18612.3,18628.55,18608.3,18627.4,0,0
1520,1685436300,18627.9,18634.9,18623.35,18624.3,0,0
1521,1685437200,18624.2,18646.7,18621.8,18643.3,0,0
1522,1685438100,18642.9,18643.85,18630.8,18634.1,0,0
1523,1685439000,18634.0,18643.5,18616.75,18633.5,0,0
1524,1685439900,18634.0,18647.35,18630.75,18639.9,0,0
1525,1685504700,18594.2,18603.9,18552.55,18560.3,0,0
1526,1685505600,18560.2,18567.7,18549.0,18561.7,0,0
1527,1685506500,18562.0,18565.85,18543.7,18557.8,0,0
1528,1685507400,18558.3,18576.1,18557.75,18569.2,0,0
1529,1685508300,18568.2,18569.7,18538.75,18544.6,0,0
1530,1685509200,18544.3,18548.95,18531.95,18541.3,0,0
1531,1685510100,18541.3,18548.9,18538.3,18547.7,0,0
1532,1685511000,18548.2,18555.55,18544.9,18550.4,0,0
1533,1685511900,18550.7,18558.8,18541.05,18542.7,0,0
1534,1685512800,18542.2,18542.55,18517.15,18520.9,0,0
1535,1685513700,18520.6,18520.75,18490.35,18505.6,0,0
1536,1685514600,18504.9,18508.1,18495.45,18498.7,0,0
1537,1685515500,18498.7,18509.85,18492.0,18498.1,0,0
1538,1685516400,18497.8,18511.15,18483.85,18511.2,0,0
1539,1685517300,18510.8,18515.9,18489.0,18507.3,0,0
1540,1685518200,18507.2,18508.05,18488.45,18495.5,0,0
1541,1685519100,18494.8,18506.95,18490.05,18506.9,0,0
1542,1685520000,18507.1,18519.95,18498.75,18515.1,0,0
1543,1685520900,18514.8,18522.8,18507.6,18520.4,0,0
1544,1685521800,18520.8,18526.05,18500.5,18509.9,0,0
1545,1685522700,18509.7,18533.05,18506.8,18530.8,0,0
1546,1685523600,18530.3,18542.35,18529.9,18537.5,0,0
1547,1685524500,18537.2,18547.05,18530.7,18543.8,0,0
1548,1685525400,18543.3,18556.95,18508.0,18525.9,0,0
1549,1685526300,18525.1,18566.7,18509.55,18521.3,0,0
1550,1685591100,18579.4,18580.0,18517.9,18518.9,0,0
1551,1685592000,18518.8,18569.4,18514.4,18565.6,0,0
1552,1685592900,18566.0,18579.1,18558.85,18571.4,0,0
1553,1685593800,18572.0,18578.1,18559.1,18559.3,0,0
1554,1685594700,18558.0,18568.0,18549.9,18562.4,0,0
1555,1685595600,18563.0,18576.6,18556.7,18567.6,0,0
1556,1685596500,18568.4,18573.85,18559.7,18567.4,0,0
1557,1685597400,18568.2,18571.35,18557.65,18569.0,0,0
1558,1685598300,18568.8,18580.3,18556.7,18556.9,0,0
1559,1685599200,18556.7,18567.0,18554.55,18559.2,0,0
1560,1685600100,18559.7,18572.8,18556.0,18556.7,0,0
1561,1685601000,18558.0,18561.25,18530.7,18537.3,0,0
1562,1685601900,18537.2,18560.15,18531.25,18553.4,0,0
1563,1685602800,18553.5,18561.25,18547.4,18552.1,0,0
1564,1685603700,18552.8,18554.3,18542.8,18548.4,0,0
1565,1685604600,18548.3,18551.0,18543.5,18550.8,0,0
1566,1685605500,18551.2,18565.3,18549.6,18559.8,0,0
1567,1685606400,18560.2,18561.0,18546.7,18550.2,0,0
1568,1685607300,18550.2,18550.75,18519.95,18528.2,0,0
1569,1685608200,18527.9,18543.0,18520.2,18524.0,0,0
1570,1685609100,18524.2,18530.55,18509.9,18529.7,0,0
1571,1685610000,18529.9,18531.4,18509.75,18512.4,0,0
1572,1685610900,18512.3,18530.15,18504.95,18523.7,0,0
1573,1685611800,18523.1,18524.9,18490.25,18491.3,0,0
1574,1685612700,18491.8,18491.85,18464.55,18486.1,0,0
1575,1685677500,18550.8,18573.7,18540.7,18551.8,0,0
1576,1685678400,18551.7,18567.05,18544.1,18551.6,0,0
1577,1685679300,18552.6,18556.1,18503.75,18503.8,0,0
1578,1685680200,18504.3,18505.05,18485.7,18492.3,0,0
1579,1685681100,18492.4,18493.45,18478.4,18487.2,0,0
1580,1685682000,18486.8,18508.55,18484.25,18505.2,0,0
1581,1685682900,18505.3,18519.7,18502.75,18507.8,0,0
1582,1685683800,18507.3,18515.8,18500.1,18515.2,0,0
1583,1685684700,18515.2,18516.5,18503.75,18511.3,0,0
1584,1685685600,18511.9,18530.0,18509.45,18521.2,0,0
1585,1685686500,18521.8,18535.25,18516.9,18533.0,0,0
1586,1685687400,18533.1,18537.75,18527.5,18528.2,0,0
1587,1685688300,18527.6,18531.85,18515.2,18521.4,0,0
1588,1685689200,18521.4,18537.35,18520.3,18528.8,0,0
1589,1685690100,18528.4,18535.45,18527.0,18534.7,0,0
1590,1685691000,18534.5,18553.25,18529.45,18545.3,0,0
1591,1685691900,18544.9,18555.6,18541.3,18554.1,0,0
1592,1685692800,18554.5,18564.15,18551.6,18560.8,0,0
1593,1685693700,18561.2,18567.5,18551.05,18554.4,0,0
1594,1685694600,18555.3,18563.6,18535.15,18540.8,0,0
1595,1685695500,18540.9,18540.95,18505.15,18521.4,0,0
1596,1685696400,18521.4,18523.7,18495.55,18514.3,0,0
1597,1685697300,18514.5,18531.25,18514.05,18529.7,0,0
1598,1685698200,18529.0,18556.1,18528.35,18537.2,0,0
1599,1685699100,18537.6,18538.5,18511.95,18525.8,0,0
1600,1685936700,18612.0,18636.15,18600.05,18612.0,0,0
1601,1685937600,18611.8,18617.25,18582.8,18605.3,0,0
1602,1685938500,18605.0,18622.5,18604.8,18619.3,0,0
1603,1685939400,18620.3,18623.9,18612.7,18618.3,0,0
1604,1685940300,18617.8,18630.25,18616.75,18618.5,0,0
1605,1685941200,18618.7,18618.75,18609.2,18615.1,0,0
1606,1685942100,18615.1,18622.1,18614.2,18620.5,0,0
1607,1685943000,18621.8,18636.4,18621.35,18631.5,0,0
1608,1685943900,18631.3,18640.15,18631.05,18636.6,0,0
1609,1685944800,18636.6,18637.15,18622.05,18625.7,0,0
1610,1685945700,18625.3,18631.75,18617.85,18619.0,0,0
1611,1685946600,18618.4,18628.9,18616.2,18625.9,0,0
1612,1685947500,18626.4,18629.3,18613.65,18618.2,0,0
1613,1685948400,18617.9,18619.3,18606.25,18611.1,0,0
1614,1685949300,18610.9,18615.9,18607.05,18613.4,0,0
1615,1685950200,18613.2,18615.2,18602.95,18606.6,0,0
1616,1685951100,18606.4,18619.65,18605.25,18613.4,0,0
1617,1685952000,18613.1,18616.3,18607.55,18610.1,0,0
1618,1685952900,18610.2,18626.65,18606.1,18624.2,0,0
1619,1685953800,18624.2,18629.65,18612.9,18617.9,0,0
1620,1685954700,18618.6,18624.55,18614.25,18618.9,0,0
1621,1685955600,18619.0,18623.95,18610.95,18617.1,0,0
1622,1685956500,18617.1,18621.25,18601.5,18610.3,0,0
1623,1685957400,18609.8,18610.3,18585.95,18593.2,0,0
1624,1685958300,18593.6,18603.6,18585.45,18599.9,0,0
1625,1686023100,18600.8,18613.05,18581.7,18603.25,0,0
1626,1686024000,18602.8,18618.05,18598.75,18610.15,0,0
1627,1686024900,18610.55,18612.65,18581.2,18584.85,0,0
